audio_file,word,voice_alias,voice_name,input_text,duration_ms,peak_dbfs,integrated_lufs,sha256,sample_rate_hz,project_id,generated_at,generator_version
f1_aria/abacus.wav,abacus,f1_aria,en-US-Neural2-C,abacus,684,-8.329,-23.0,cd36eba2b83f92e51393d1e94523822281f5a579477e341f3770c546b66b1f08,44100,uvlt-cat-ljt,2026-04-21T09:57:32+00:00,gcloud_v1.0-2026-04-21
f1_aria/abalone.wav,abalone,f1_aria,en-US-Neural2-C,abalone,743,-9.781,-23.0,84660ebabe25940f1d562a1d689c81e2dbb4b9e0f33c1c5ced49af9c5be5cfc8,44100,uvlt-cat-ljt,2026-04-21T09:57:39+00:00,gcloud_v1.0-2026-04-21
f1_aria/acorn.wav,acorn,f1_aria,en-US-Neural2-C,"<speak><phoneme alphabet=""ipa"" ph=""ˈeɪ.kɔɹn"">acorn</phoneme></speak>",638,-9.229,-23.0,3efe2688bf4410667e0b2be1f874229739f794e252fe8d41a364df771ad56f3a,44100,uvlt-cat-ljt,2026-04-21T09:57:33+00:00,gcloud_v1.0-2026-04-21
f1_aria/binoculars.wav,binoculars,f1_aria,en-US-Neural2-C,binoculars,847,-9.014,-23.0,843f5d74fd5d19a6b4722b51cfb01f7a9b96a1beef3cbf6eac27c5214947ace1,44100,uvlt-cat-ljt,2026-04-21T09:57:33+00:00,gcloud_v1.0-2026-04-21
f1_aria/burdock.wav,burdock,f1_aria,en-US-Neural2-C,burdock,626,-11.085,-23.0,5888a6236d4bc43c52d303472a84862cf58e2a588d9ee6fc3be72804ee9127a5,44100,uvlt-cat-ljt,2026-04-21T09:57:36+00:00,gcloud_v1.0-2026-04-21
f1_aria/burglar.wav,burglar,f1_aria,en-US-Neural2-C,burglar,626,-10.117,-23.0,089298bc719ffd8b4592b565a99c27bf0f713906a8c9cf327ed9587d139c1f41,44100,uvlt-cat-ljt,2026-04-21T09:57:44+00:00,gcloud_v1.0-2026-04-21
f1_aria/capelin.wav,capelin,f1_aria,en-US-Neural2-C,capelin,603,-9.799,-23.0,c2850b15513e33f57a039e0c9688469c7ea203aab926f38ee96693186f86115c,44100,uvlt-cat-ljt,2026-04-21T09:57:56+00:00,gcloud_v1.0-2026-04-21
f1_aria/carousel.wav,carousel,f1_aria,en-US-Neural2-C,carousel,673,-10.302,-23.0,35860feb6fb70a0b1465f67138fc235bd3c80e2a097480b2c6a8baedcfa9e40d,44100,uvlt-cat-ljt,2026-04-21T09:57:35+00:00,gcloud_v1.0-2026-04-21
f1_aria/casket.wav,casket,f1_aria,en-US-Neural2-C,casket,615,-8.727,-23.0,fe2a03f5535917a99e41a9ca69b1254f0475e5de5776dfd788694f6eb426f5a6,44100,uvlt-cat-ljt,2026-04-21T09:57:50+00:00,gcloud_v1.0-2026-04-21
f1_aria/catapult.wav,catapult,f1_aria,en-US-Neural2-C,catapult,661,-9.815,-23.0,4b525d146b2b89a93201732db83f11bade7b4f2d2fcfc4070069d4e0799ae289,44100,uvlt-cat-ljt,2026-04-21T09:57:57+00:00,gcloud_v1.0-2026-04-21
f1_aria/chisel.wav,chisel,f1_aria,en-US-Neural2-C,chisel,464,-9.161,-23.0,1722eba931a8f050e450e0a62291c59d9c58971d09b90795f7253e71bbdaf13e,44100,uvlt-cat-ljt,2026-04-21T09:57:57+00:00,gcloud_v1.0-2026-04-21
f1_aria/cicada.wav,cicada,f1_aria,en-US-Neural2-C,cicada,673,-11.158,-23.0,d7f5e86d5531d4f202d0a260d75b0b7d966e3b3fd1e7402a1c9e508279e0209c,44100,uvlt-cat-ljt,2026-04-21T09:57:43+00:00,gcloud_v1.0-2026-04-21
f1_aria/cobweb.wav,cobweb,f1_aria,en-US-Neural2-C,cobweb,650,-8.964,-23.0,2a87e54d08e9a16aa7b672e9d4d103707b318984b46e1bdddf31a0884c368fea,44100,uvlt-cat-ljt,2026-04-21T09:57:37+00:00,gcloud_v1.0-2026-04-21
f1_aria/cocoon.wav,cocoon,f1_aria,en-US-Neural2-C,cocoon,626,-10.658,-23.0,65071340d1b587e3f676c764c705c448bfbcd2c42f10937b8f4af9e975d8fb7e,44100,uvlt-cat-ljt,2026-04-21T09:57:47+00:00,gcloud_v1.0-2026-04-21
f1_aria/detergent.wav,detergent,f1_aria,en-US-Neural2-C,detergent,766,-7.875,-23.0,2fb35c0e9dcf4bf2e5c4d71ea8c124918b330c37406383fb9b7095935153aff3,44100,uvlt-cat-ljt,2026-04-21T09:57:48+00:00,gcloud_v1.0-2026-04-21
f1_aria/faucet.wav,faucet,f1_aria,en-US-Neural2-C,faucet,545,-9.988,-23.0,7f8f9df287b4e1751b5260a2d104e2592dd7158cb4cb2bf3e28753e84790d733,44100,uvlt-cat-ljt,2026-04-21T09:59:18+00:00,gcloud_v1.0-2026-04-21
f1_aria/icicle.wav,icicle,f1_aria,en-US-Neural2-C,icicle,661,-9.013,-23.0,6530c20796a862b782754738f9c77e33d470aa82318a0ae2f687fca6921b0412,44100,uvlt-cat-ljt,2026-04-21T09:57:31+00:00,gcloud_v1.0-2026-04-21
f1_aria/labyrinth.wav,labyrinth,f1_aria,en-US-Neural2-C,labyrinth,650,-9.82,-23.0,95dc3e5cb87ec335314135e39257170e2642bed0333eeeb6b1862347fe403291,44100,uvlt-cat-ljt,2026-04-21T09:57:53+00:00,gcloud_v1.0-2026-04-21
f1_aria/ladle.wav,ladle,f1_aria,en-US-Neural2-C,ladle,522,-12.192,-23.0,f337dcb36636778504eff899efd5d46aef906f8fd5eb3ab0d6a6d1bb2010bb74,44100,uvlt-cat-ljt,2026-04-21T09:57:40+00:00,gcloud_v1.0-2026-04-21
f1_aria/lawnmower.wav,lawnmower,f1_aria,en-US-Neural2-C,lawnmower,708,-14.336,-23.0,f5fecd4c7cb1b7f796fa1636fffa93067be14457514d89c1bf76379823e4e35c,44100,uvlt-cat-ljt,2026-04-21T09:57:44+00:00,gcloud_v1.0-2026-04-21
f1_aria/loquat.wav,loquat,f1_aria,en-US-Neural2-C,loquat,684,-9.001,-23.0,71f4828b234b72d57efe35e8b8765d85ea423d050de1c3ba694ca4f07e2648f0,44100,uvlt-cat-ljt,2026-04-21T09:57:54+00:00,gcloud_v1.0-2026-04-21
f1_aria/lotus.wav,lotus,f1_aria,en-US-Neural2-C,lotus,568,-10.992,-23.0,4bba54db0ec2eef3298d2c9be76ebe0213f38d1aa92390f97c3d2e196d6e56f8,44100,uvlt-cat-ljt,2026-04-21T09:57:55+00:00,gcloud_v1.0-2026-04-21
f1_aria/mantis.wav,mantis,f1_aria,en-US-Neural2-C,mantis,638,-11.512,-23.0,1a550bddc52194c5bd2764775624a76f65d7ec53ea3689a03186d6e87d27a8d3,44100,uvlt-cat-ljt,2026-04-21T09:57:34+00:00,gcloud_v1.0-2026-04-21
f1_aria/nostril.wav,nostril,f1_aria,en-US-Neural2-C,nostril,661,-9.393,-23.0,a74bd77225fcccbef037bc6fcf14ef27c93b1e113e95d24cf3a05833f96b2d38,44100,uvlt-cat-ljt,2026-04-21T09:57:53+00:00,gcloud_v1.0-2026-04-21
f1_aria/pacifier.wav,pacifier,f1_aria,en-US-Neural2-C,pacifier,812,-9.244,-23.0,09e3fafce28bc2fa0664a554adebf99c9eafe45611849d1fefdebb8488d8fbbc,44100,uvlt-cat-ljt,2026-04-21T09:57:51+00:00,gcloud_v1.0-2026-04-21
f1_aria/parakeet.wav,parakeet,f1_aria,en-US-Neural2-C,parakeet,650,-9.049,-23.0,a85269c1845f1b8c2421a95bb19f99204159efe3ee7ca7e20f7020d3a29e5067,44100,uvlt-cat-ljt,2026-04-21T09:57:48+00:00,gcloud_v1.0-2026-04-21
f1_aria/persimmon.wav,persimmon,f1_aria,en-US-Neural2-C,persimmon,673,-11.249,-23.0,eb9b40419c42ac4a66a51efebb36b510e74c375ed0b96f0ecced0e410e57cbcd,44100,uvlt-cat-ljt,2026-04-21T09:57:34+00:00,gcloud_v1.0-2026-04-21
f1_aria/podium.wav,podium,f1_aria,en-US-Neural2-C,podium,568,-10.521,-23.0,645e74434f2829ffd416895f78c57cc67e5e3c9baa75952268bee61fdf97d3bc,44100,uvlt-cat-ljt,2026-04-21T09:57:50+00:00,gcloud_v1.0-2026-04-21
f1_aria/porcupine.wav,porcupine,f1_aria,en-US-Neural2-C,porcupine,847,-8.661,-23.0,d34c7d4e8be0bd5ded49baf8e31633cadd7fd2b784a2073c5ad7d45f88ddc8c0,44100,uvlt-cat-ljt,2026-04-21T09:57:46+00:00,gcloud_v1.0-2026-04-21
f1_aria/protractor.wav,protractor,f1_aria,en-US-Neural2-C,protractor,754,-7.977,-23.0,439d513afda944e80679bdd0b6609aed07c6f09c3a0375e6eabc0603ccc7f429,44100,uvlt-cat-ljt,2026-04-21T09:57:42+00:00,gcloud_v1.0-2026-04-21
f1_aria/pupa.wav,pupa,f1_aria,en-US-Neural2-C,pupa,487,-10.122,-23.0,c42a5ca638f5de11f47a0d59fc2e9ee753f3384c02682f3460d0c61360a6b141,44100,uvlt-cat-ljt,2026-04-21T09:57:52+00:00,gcloud_v1.0-2026-04-21
f1_aria/pylon.wav,pylon,f1_aria,en-US-Neural2-C,pylon,638,-11.698,-23.0,fa62f23bd6d2823d669dd422f226e1d89a76f890959d9cd02edbf8cd1a6dd8d9,44100,uvlt-cat-ljt,2026-04-21T09:57:54+00:00,gcloud_v1.0-2026-04-21
f1_aria/raccoon.wav,raccoon,f1_aria,en-US-Neural2-C,raccoon,708,-9.054,-23.0,efb209d717daea20491627fe87f34002a39a109798864c3d6d90e772f1a5a7c9,44100,uvlt-cat-ljt,2026-04-21T09:57:40+00:00,gcloud_v1.0-2026-04-21
f1_aria/razor.wav,razor,f1_aria,en-US-Neural2-C,razor,557,-11.746,-23.0,2d376e7cf93b3516922cd14d6bbadcca3f3478fe77d54a1d4def275a96f493ce,44100,uvlt-cat-ljt,2026-04-21T09:57:46+00:00,gcloud_v1.0-2026-04-21
f1_aria/rickshaw.wav,rickshaw,f1_aria,en-US-Neural2-C,rickshaw,615,-7.486,-23.0,86d43c0178d3a1cee3a17fe6ead5e69bcd4ad47186ae99471cc1cb2a333f4037,44100,uvlt-cat-ljt,2026-04-21T09:57:39+00:00,gcloud_v1.0-2026-04-21
f1_aria/scallop.wav,scallop,f1_aria,en-US-Neural2-C,scallop,638,-11.247,-23.0,dfa38f3e65541e2c6eb1c440debf576be30a961c7a7b19ed70eb9c6ba375a4f4,44100,uvlt-cat-ljt,2026-04-21T09:57:49+00:00,gcloud_v1.0-2026-04-21
f1_aria/scalpel.wav,scalpel,f1_aria,en-US-Neural2-C,scalpel,673,-10.37,-23.0,f69e4f3fb59c6f387c68108a659b2c3ec9501bc0c30ddd4cc297840d38b1ac22,44100,uvlt-cat-ljt,2026-04-21T09:57:51+00:00,gcloud_v1.0-2026-04-21
f1_aria/scapula.wav,scapula,f1_aria,en-US-Neural2-C,"<speak><phoneme alphabet=""ipa"" ph=""ˈskæp.jə.lə"">scapula</phoneme></speak>",789,-10.069,-23.0,b9acea2fc7e8ebe5780a12e22997215c2ce7d092dff6b55d0788acde309dc328,44100,uvlt-cat-ljt,2026-04-21T09:57:52+00:00,gcloud_v1.0-2026-04-21
f1_aria/spatula.wav,spatula,f1_aria,en-US-Neural2-C,spatula,731,-11.357,-23.0,3ca91f28ab554af16c9450c50f1404089c4620fe9324e5412af53057d3c53a18,44100,uvlt-cat-ljt,2026-04-21T09:57:52+00:00,gcloud_v1.0-2026-04-21
f1_aria/strainer.wav,strainer,f1_aria,en-US-Neural2-C,strainer,615,-13.085,-23.0,07795d2e64f5f627e522e513559e1a401597f21511af54d452af5afd57f1e7d7,44100,uvlt-cat-ljt,2026-04-21T09:57:56+00:00,gcloud_v1.0-2026-04-21
f1_aria/syringe.wav,syringe,f1_aria,en-US-Neural2-C,syringe,708,-11.225,-23.0,89353b62be3f024f52b45a780be12b6f58de8e08f0890850ee4e061d8cf042d0,44100,uvlt-cat-ljt,2026-04-21T09:57:36+00:00,gcloud_v1.0-2026-04-21
f1_aria/tadpole.wav,tadpole,f1_aria,en-US-Neural2-C,tadpole,684,-9.679,-23.0,9d127337270bbd6fcd024026d303da821a25008c212cad981544f3ef068456c2,44100,uvlt-cat-ljt,2026-04-21T09:57:38+00:00,gcloud_v1.0-2026-04-21
f1_aria/thermometer.wav,thermometer,f1_aria,en-US-Neural2-C,thermometer,708,-11.503,-23.0,50a818dbaf21e391f5c4ad6efe64aad9921d09de3a5492bdd1fb88ad4110ba2b,44100,uvlt-cat-ljt,2026-04-21T09:57:32+00:00,gcloud_v1.0-2026-04-21
f1_aria/toboggan.wav,toboggan,f1_aria,en-US-Neural2-C,toboggan,673,-8.337,-23.0,5db071cdff21dd9d3833b1b17c9402a4bb6812f2c5aae4255b5c6fa8f1207577,44100,uvlt-cat-ljt,2026-04-21T09:57:45+00:00,gcloud_v1.0-2026-04-21
f1_aria/toupee.wav,toupee,f1_aria,en-US-Neural2-C,toupee,592,-8.586,-23.0,4023fbb339b27bc1dd290a4862c1741f2420a7d631ecc84419a7879d499b1716,44100,uvlt-cat-ljt,2026-04-21T09:57:42+00:00,gcloud_v1.0-2026-04-21
f1_aria/treadmill.wav,treadmill,f1_aria,en-US-Neural2-C,treadmill,626,-10.702,-23.0,49fb7d8b5ec456d5fac30e8eb11be5426fc4e2ef24deb9a2c6a8fd49c55d4cd4,44100,uvlt-cat-ljt,2026-04-21T09:57:43+00:00,gcloud_v1.0-2026-04-21
f1_aria/tweezers.wav,tweezers,f1_aria,en-US-Neural2-C,tweezers,650,-11.569,-23.0,fa0765ea19bd474357bf5cd120937e9b472e4af6a32f7e866e742ea2cf2d1f8f,44100,uvlt-cat-ljt,2026-04-21T09:57:38+00:00,gcloud_v1.0-2026-04-21
f1_aria/walrus.wav,walrus,f1_aria,en-US-Neural2-C,walrus,661,-6.489,-23.0,1030b95189a74eb55733a32d9f6098d5efb3931239564b8c6122a64dd9c6090f,44100,uvlt-cat-ljt,2026-04-21T09:57:49+00:00,gcloud_v1.0-2026-04-21
f1_aria/wardrobe.wav,wardrobe,f1_aria,en-US-Neural2-C,wardrobe,696,-10.452,-23.0,b326a61d43009ebcfdcd9c4b17b9269e82be5d68f79a64fbd4cb81558a2f2be9,44100,uvlt-cat-ljt,2026-04-21T09:57:47+00:00,gcloud_v1.0-2026-04-21
f1_aria/xylophone.wav,xylophone,f1_aria,en-US-Neural2-C,xylophone,824,-9.942,-23.0,fae750deda49047fe9ade340ff3aa596b327e7d7ab9e734e50f3b25ab9157472,44100,uvlt-cat-ljt,2026-04-21T09:57:41+00:00,gcloud_v1.0-2026-04-21
f2_jenny/abacus.wav,abacus,f2_jenny,en-US-Neural2-F,abacus,766,-7.041,-23.0,6ea92c951a5f031993d89e7f785bf019fa88f7677862a0311f3326de570885d7,44100,uvlt-cat-ljt,2026-04-21T09:57:59+00:00,gcloud_v1.0-2026-04-21
f2_jenny/abalone.wav,abalone,f2_jenny,en-US-Neural2-F,abalone,731,-8.685,-23.0,43d6e184fb1e0cf41e39d914117b2fad340023b522130ec2759401b19f360197,44100,uvlt-cat-ljt,2026-04-21T09:58:05+00:00,gcloud_v1.0-2026-04-21
f2_jenny/acorn.wav,acorn,f2_jenny,en-US-Neural2-F,"<speak><phoneme alphabet=""ipa"" ph=""ˈeɪ.kɔɹn"">acorn</phoneme></speak>",638,-5.909,-23.0,56d652eab404ba43dd18b5c3c30468ada8eb9fcf3b745932d227b80593ae50c4,44100,uvlt-cat-ljt,2026-04-21T09:57:59+00:00,gcloud_v1.0-2026-04-21
f2_jenny/binoculars.wav,binoculars,f2_jenny,en-US-Neural2-F,binoculars,847,-8.632,-23.0,f65a802a73d0ae323b51c150e8f5ce7273e8fd73d6e322365bea857f85169bfd,44100,uvlt-cat-ljt,2026-04-21T09:58:00+00:00,gcloud_v1.0-2026-04-21
f2_jenny/burdock.wav,burdock,f2_jenny,en-US-Neural2-F,burdock,592,-10.136,-23.0,3310ce55e64b1af6d731f79f293e98561bc5f3cd0418a99d88ea853225bd8ffa,44100,uvlt-cat-ljt,2026-04-21T09:58:02+00:00,gcloud_v1.0-2026-04-21
f2_jenny/burglar.wav,burglar,f2_jenny,en-US-Neural2-F,burglar,534,-10.075,-23.0,7164be9e46923aeced68782685164cc7a3d7d21f5c7ccb9c787aaa95f333a114,44100,uvlt-cat-ljt,2026-04-21T09:58:10+00:00,gcloud_v1.0-2026-04-21
f2_jenny/capelin.wav,capelin,f2_jenny,en-US-Neural2-F,capelin,580,-8.514,-23.0,1e1f2d42c773b72b6d60275e5ee66a71109bc31034de82434318251e03134347,44100,uvlt-cat-ljt,2026-04-21T09:58:21+00:00,gcloud_v1.0-2026-04-21
f2_jenny/carousel.wav,carousel,f2_jenny,en-US-Neural2-F,carousel,696,-9.188,-23.0,f570f3f9381a878a4dcbb289bec9bb7e1951ca2cc42594a0caadd37d81f316bb,44100,uvlt-cat-ljt,2026-04-21T09:58:01+00:00,gcloud_v1.0-2026-04-21
f2_jenny/casket.wav,casket,f2_jenny,en-US-Neural2-F,casket,650,-7.549,-23.0,b04fec37a3869bd8866f7a426b889ada3212f73da824d8dca233fc2e1bbfa511,44100,uvlt-cat-ljt,2026-04-21T09:58:16+00:00,gcloud_v1.0-2026-04-21
f2_jenny/catapult.wav,catapult,f2_jenny,en-US-Neural2-F,catapult,719,-9.307,-23.0,e6a6dda54459acd834cd09dd88b92e72165dd077cd7524ad674b652634fbe125,44100,uvlt-cat-ljt,2026-04-21T09:58:23+00:00,gcloud_v1.0-2026-04-21
f2_jenny/chisel.wav,chisel,f2_jenny,en-US-Neural2-F,chisel,534,-9.707,-23.0,76287cbecc2ba690d1f12fe8bc304bcc192e109d5b477c672154468eeb9952b7,44100,uvlt-cat-ljt,2026-04-21T09:58:22+00:00,gcloud_v1.0-2026-04-21
f2_jenny/cicada.wav,cicada,f2_jenny,en-US-Neural2-F,cicada,696,-8.243,-23.0,5e9a0c29ab71cb591b052e88d40bc96fac5b38ea951cb37aae2502c8d92c15f4,44100,uvlt-cat-ljt,2026-04-21T09:58:09+00:00,gcloud_v1.0-2026-04-21
f2_jenny/cobweb.wav,cobweb,f2_jenny,en-US-Neural2-F,cobweb,615,-9.257,-23.0,dfdf415e6a47e805c5a23920b9344c65884fb90849498145f475639bf5ca79e5,44100,uvlt-cat-ljt,2026-04-21T09:58:02+00:00,gcloud_v1.0-2026-04-21
f2_jenny/cocoon.wav,cocoon,f2_jenny,en-US-Neural2-F,cocoon,626,-8.748,-23.0,63d77bc59692dd440244b2f23fb092ef0c6713cbf88aca584bc7c4ac0ba5d55a,44100,uvlt-cat-ljt,2026-04-21T09:58:12+00:00,gcloud_v1.0-2026-04-21
f2_jenny/detergent.wav,detergent,f2_jenny,en-US-Neural2-F,detergent,766,-8.984,-23.0,42982c052bc6cfc6a12180a72dd8c13b8c6971d8837e8900b19b56addcf903f7,44100,uvlt-cat-ljt,2026-04-21T09:58:13+00:00,gcloud_v1.0-2026-04-21
f2_jenny/faucet.wav,faucet,f2_jenny,en-US-Neural2-F,faucet,545,-8.774,-23.0,afae5aa86f29c102724a5ce8a460346f7e74b6369074c1072f0022d73b735dbc,44100,uvlt-cat-ljt,2026-04-21T09:59:19+00:00,gcloud_v1.0-2026-04-21
f2_jenny/icicle.wav,icicle,f2_jenny,en-US-Neural2-F,icicle,684,-6.512,-23.0,0ed13c19b07f441f482de51a80749bad16424b267f05a2c32593c14b3e1ac3d1,44100,uvlt-cat-ljt,2026-04-21T09:57:58+00:00,gcloud_v1.0-2026-04-21
f2_jenny/labyrinth.wav,labyrinth,f2_jenny,en-US-Neural2-F,labyrinth,650,-9.285,-23.0,d6f20b09d1c682b636ea0d5bbce4786e8f0fc4c05f03a05d6c1761616301366b,44100,uvlt-cat-ljt,2026-04-21T09:58:19+00:00,gcloud_v1.0-2026-04-21
f2_jenny/ladle.wav,ladle,f2_jenny,en-US-Neural2-F,ladle,534,-11.149,-23.0,a971d989a3fa282e149a62cbbce4154c74b56bf2b0dbe40086ec9c665ff70e5d,44100,uvlt-cat-ljt,2026-04-21T09:58:06+00:00,gcloud_v1.0-2026-04-21
f2_jenny/lawnmower.wav,lawnmower,f2_jenny,en-US-Neural2-F,lawnmower,696,-10.185,-23.0,827c9ead6f6cabacdec80ad5f1076e3f02b1b5e234cb4e235d8a8666015348ad,44100,uvlt-cat-ljt,2026-04-21T09:58:09+00:00,gcloud_v1.0-2026-04-21
f2_jenny/loquat.wav,loquat,f2_jenny,en-US-Neural2-F,loquat,684,-7.369,-23.0,27ce36bead48e61b5b74736ea2b4b8acc3006c6b713faeb9b794570914bff1e5,44100,uvlt-cat-ljt,2026-04-21T09:58:20+00:00,gcloud_v1.0-2026-04-21
f2_jenny/lotus.wav,lotus,f2_jenny,en-US-Neural2-F,lotus,638,-8.016,-23.0,4303f7c9a1f97dc49b8aa11dc49ca2c33fafdc7fc396b82cc940d9bfebc2d51c,44100,uvlt-cat-ljt,2026-04-21T09:58:21+00:00,gcloud_v1.0-2026-04-21
f2_jenny/mantis.wav,mantis,f2_jenny,en-US-Neural2-F,mantis,684,-8.383,-23.0,f4445a237a97e3d772456f9a67950efc7ecb8900f2f0fbe389921daca77c7ea0,44100,uvlt-cat-ljt,2026-04-21T09:58:00+00:00,gcloud_v1.0-2026-04-21
f2_jenny/nostril.wav,nostril,f2_jenny,en-US-Neural2-F,nostril,650,-9.053,-23.0,c29c5e278f997d1079709505bda86426b482d8f02188b1c6c44a55d896bc9800,44100,uvlt-cat-ljt,2026-04-21T09:58:19+00:00,gcloud_v1.0-2026-04-21
f2_jenny/pacifier.wav,pacifier,f2_jenny,en-US-Neural2-F,pacifier,859,-6.77,-23.0,a05111122a2be8c06dc6ca96c0e9958e5ca48f291fdf3c3b623b37cee56dc0a5,44100,uvlt-cat-ljt,2026-04-21T09:58:16+00:00,gcloud_v1.0-2026-04-21
f2_jenny/parakeet.wav,parakeet,f2_jenny,en-US-Neural2-F,parakeet,696,-9.612,-23.0,03517f208c854558a5d149011b7cbc7ed8665e85a66b71e79e012bcfe4f91e7c,44100,uvlt-cat-ljt,2026-04-21T09:58:14+00:00,gcloud_v1.0-2026-04-21
f2_jenny/persimmon.wav,persimmon,f2_jenny,en-US-Neural2-F,persimmon,696,-9.622,-23.0,14f4d3676cf6d5308779ad4ffc9a2151acaaf8fc649a23f7648b32790a88083d,44100,uvlt-cat-ljt,2026-04-21T09:58:00+00:00,gcloud_v1.0-2026-04-21
f2_jenny/podium.wav,podium,f2_jenny,en-US-Neural2-F,podium,592,-8.612,-23.0,e7d91d8a9d9220be3a92716e6e38b3f679a28e9f6946ba7d71672dc0759d23d4,44100,uvlt-cat-ljt,2026-04-21T09:58:15+00:00,gcloud_v1.0-2026-04-21
f2_jenny/porcupine.wav,porcupine,f2_jenny,en-US-Neural2-F,porcupine,801,-4.916,-23.0,8670dfabb0be62f06ffb5c5af3dfeb54520c8a480cafe2baa79b40a4e528af5b,44100,uvlt-cat-ljt,2026-04-21T09:58:11+00:00,gcloud_v1.0-2026-04-21
f2_jenny/protractor.wav,protractor,f2_jenny,en-US-Neural2-F,protractor,777,-7.38,-23.0,e7fd966bc2420324622d985855c1a7c47ebcfd6ef1204b1047b6f95c36fc6c0c,44100,uvlt-cat-ljt,2026-04-21T09:58:07+00:00,gcloud_v1.0-2026-04-21
f2_jenny/pupa.wav,pupa,f2_jenny,en-US-Neural2-F,pupa,487,-11.035,-23.0,afd7a8f0702f687d3bf803c8708101e7eeac01a371c3934d42189b86bc0cb84a,44100,uvlt-cat-ljt,2026-04-21T09:58:18+00:00,gcloud_v1.0-2026-04-21
f2_jenny/pylon.wav,pylon,f2_jenny,en-US-Neural2-F,pylon,626,-9.985,-23.0,188ad2bf46df514444f35f9b8466968604c0b4eff59428ef91d30584f669d3a8,44100,uvlt-cat-ljt,2026-04-21T09:58:20+00:00,gcloud_v1.0-2026-04-21
f2_jenny/raccoon.wav,raccoon,f2_jenny,en-US-Neural2-F,raccoon,696,-6.224,-23.0,7f773ad854d100111131bc8c546ec181244c8c6b45b59fff1b1c16041cefad78,44100,uvlt-cat-ljt,2026-04-21T09:58:06+00:00,gcloud_v1.0-2026-04-21
f2_jenny/razor.wav,razor,f2_jenny,en-US-Neural2-F,razor,580,-9.791,-23.0,17e73cd6758b0a92ab8141cd2492e26a4d08f2ea7a708c483507e0212a00f8a9,44100,uvlt-cat-ljt,2026-04-21T09:58:11+00:00,gcloud_v1.0-2026-04-21
f2_jenny/rickshaw.wav,rickshaw,f2_jenny,en-US-Neural2-F,rickshaw,638,-6.772,-23.0,5c9835e2854101fd1adc13281c0e0cd26b0b956de3a055b3858b43b02d1e6867,44100,uvlt-cat-ljt,2026-04-21T09:58:05+00:00,gcloud_v1.0-2026-04-21
f2_jenny/scallop.wav,scallop,f2_jenny,en-US-Neural2-F,scallop,534,-9.601,-23.0,a0d3dedc862b6f5541fcebfdb3b58ffe1f1b933a8eefef30ac98bddd8038e0ac,44100,uvlt-cat-ljt,2026-04-21T09:58:14+00:00,gcloud_v1.0-2026-04-21
f2_jenny/scalpel.wav,scalpel,f2_jenny,en-US-Neural2-F,scalpel,650,-8.523,-23.0,b9d626f5a8d7dd4a93d97279d40206879957d7f40edfe730147bafc34248a598,44100,uvlt-cat-ljt,2026-04-21T09:58:17+00:00,gcloud_v1.0-2026-04-21
f2_jenny/scapula.wav,scapula,f2_jenny,en-US-Neural2-F,"<speak><phoneme alphabet=""ipa"" ph=""ˈskæp.jə.lə"">scapula</phoneme></speak>",766,-8.139,-23.0,da93996e0cc1715d90150f49cb6aa5073477f6d4d5a9e603e373884fc9cff166,44100,uvlt-cat-ljt,2026-04-21T09:58:18+00:00,gcloud_v1.0-2026-04-21
f2_jenny/spatula.wav,spatula,f2_jenny,en-US-Neural2-F,spatula,743,-8.845,-23.0,679f9d8be09b2c1bb290377d5c026aceeb09fff62ebc5bf6d4d0b2f6bd9a3ca1,44100,uvlt-cat-ljt,2026-04-21T09:58:17+00:00,gcloud_v1.0-2026-04-21
f2_jenny/strainer.wav,strainer,f2_jenny,en-US-Neural2-F,strainer,615,-10.147,-23.0,d353c850ecec295f3815a559977b928c13b4d644e6492db71258738fa95cc27e,44100,uvlt-cat-ljt,2026-04-21T09:58:22+00:00,gcloud_v1.0-2026-04-21
f2_jenny/syringe.wav,syringe,f2_jenny,en-US-Neural2-F,syringe,754,-9.849,-23.0,d51a8bb09ca34b9178dcd582a3d51536973c2ff5e4c3c4e9dbbf85a88f61c594,44100,uvlt-cat-ljt,2026-04-21T09:58:01+00:00,gcloud_v1.0-2026-04-21
f2_jenny/tadpole.wav,tadpole,f2_jenny,en-US-Neural2-F,tadpole,638,-10.337,-23.0,50c21d20c23bb233459d77cec6decc99287656f07911b71eb8e60f4f8f7c45e5,44100,uvlt-cat-ljt,2026-04-21T09:58:04+00:00,gcloud_v1.0-2026-04-21
f2_jenny/thermometer.wav,thermometer,f2_jenny,en-US-Neural2-F,thermometer,719,-11.4,-23.0,2306352c3aa838ff09ca76fb4b6dea78370dd80ba0ca7ec5a1bf433ba7241efe,44100,uvlt-cat-ljt,2026-04-21T09:57:58+00:00,gcloud_v1.0-2026-04-21
f2_jenny/toboggan.wav,toboggan,f2_jenny,en-US-Neural2-F,toboggan,684,-8.774,-23.0,038d353dc1b30e6d1d3b1b4c82735082f40d68c08f5886bb99d96f33e707ff54,44100,uvlt-cat-ljt,2026-04-21T09:58:10+00:00,gcloud_v1.0-2026-04-21
f2_jenny/toupee.wav,toupee,f2_jenny,en-US-Neural2-F,toupee,568,-10.706,-23.0,ffda9788cd9edabe369f1ec08ffe675f4118ba376c2f73a43947aa6ea8d00e34,44100,uvlt-cat-ljt,2026-04-21T09:58:08+00:00,gcloud_v1.0-2026-04-21
f2_jenny/treadmill.wav,treadmill,f2_jenny,en-US-Neural2-F,treadmill,592,-9.293,-23.0,cf01a2327e812deef5c9521e887ffd5ebac562e87897c573b9e4b88deb867fc6,44100,uvlt-cat-ljt,2026-04-21T09:58:08+00:00,gcloud_v1.0-2026-04-21
f2_jenny/tweezers.wav,tweezers,f2_jenny,en-US-Neural2-F,tweezers,673,-11.393,-23.0,84d89f5bce9444151f3dcf65be7b1122e18dc033266b315a41871110719eb1aa,44100,uvlt-cat-ljt,2026-04-21T09:58:04+00:00,gcloud_v1.0-2026-04-21
f2_jenny/walrus.wav,walrus,f2_jenny,en-US-Neural2-F,walrus,684,-6.974,-23.0,7253c16893d38864610cac8f86989add387221492de3658afff77bdfdbec720c,44100,uvlt-cat-ljt,2026-04-21T09:58:15+00:00,gcloud_v1.0-2026-04-21
f2_jenny/wardrobe.wav,wardrobe,f2_jenny,en-US-Neural2-F,wardrobe,661,-8.724,-23.0,d2299dddaad3d7c13ba3670b242c7a3df15b934be618a2a6de3a3d59685f6668,44100,uvlt-cat-ljt,2026-04-21T09:58:12+00:00,gcloud_v1.0-2026-04-21
f2_jenny/xylophone.wav,xylophone,f2_jenny,en-US-Neural2-F,xylophone,835,-7.181,-23.0,34086d706ef1ceaa9a2ef5204865c3663a3be5e0a29f4155923e8ca3177dd848,44100,uvlt-cat-ljt,2026-04-21T09:58:07+00:00,gcloud_v1.0-2026-04-21
f3_sonia/abacus.wav,abacus,f3_sonia,en-US-Neural2-G,abacus,638,-8.148,-23.0,91f289ec544f84dddde4c992bc4e72ffe4c201d54c5255f37a8de78331bebb52,44100,uvlt-cat-ljt,2026-04-21T09:58:24+00:00,gcloud_v1.0-2026-04-21
f3_sonia/abalone.wav,abalone,f3_sonia,en-US-Neural2-G,abalone,661,-7.845,-23.0,17e3d9d85c5d16843eb616d8dba078096b6c369b3df6b13020880eb4e95bace5,44100,uvlt-cat-ljt,2026-04-21T09:58:31+00:00,gcloud_v1.0-2026-04-21
f3_sonia/acorn.wav,acorn,f3_sonia,en-US-Neural2-G,"<speak><phoneme alphabet=""ipa"" ph=""ˈeɪ.kɔɹn"">acorn</phoneme></speak>",557,-8.261,-23.0,53e305727c09a790306f5afd5c540ddcb1587cf22222ad292dc647e89449bc39,44100,uvlt-cat-ljt,2026-04-21T09:58:25+00:00,gcloud_v1.0-2026-04-21
f3_sonia/binoculars.wav,binoculars,f3_sonia,en-US-Neural2-G,binoculars,777,-9.94,-23.0,275306ab48a110483f04a3374d5307e82b750482deb1e9bb80fd16db98331e08,44100,uvlt-cat-ljt,2026-04-21T09:58:25+00:00,gcloud_v1.0-2026-04-21
f3_sonia/burdock.wav,burdock,f3_sonia,en-US-Neural2-G,burdock,557,-9.133,-23.0,0f1daf8d45e4545489d3b818775bd598c5c3383870e3cb59cf796e0fb6174843,44100,uvlt-cat-ljt,2026-04-21T09:58:28+00:00,gcloud_v1.0-2026-04-21
f3_sonia/burglar.wav,burglar,f3_sonia,en-US-Neural2-G,burglar,545,-9.634,-23.0,89ad2d673c9b0b3d05079d5dacf65dae99b649d3dd704ae309f2ebfccc2a90cb,44100,uvlt-cat-ljt,2026-04-21T09:58:36+00:00,gcloud_v1.0-2026-04-21
f3_sonia/capelin.wav,capelin,f3_sonia,en-US-Neural2-G,capelin,522,-9.156,-23.0,eaa97d5472ce77dbafe8e73c724328abde3943088c700c3368dd74a593040cb5,44100,uvlt-cat-ljt,2026-04-21T09:58:48+00:00,gcloud_v1.0-2026-04-21
f3_sonia/carousel.wav,carousel,f3_sonia,en-US-Neural2-G,carousel,615,-7.964,-23.0,99bc1a2f904ee1fd6ec44e6d082ed3defb837f516cb081b0c2a71fb645afa3d2,44100,uvlt-cat-ljt,2026-04-21T09:58:27+00:00,gcloud_v1.0-2026-04-21
f3_sonia/casket.wav,casket,f3_sonia,en-US-Neural2-G,casket,510,-9.6,-23.0,2257fd8ee8a27ca3712702bbd81f8a80e3ac9496fb845c0364450696a920089c,44100,uvlt-cat-ljt,2026-04-21T09:58:42+00:00,gcloud_v1.0-2026-04-21
f3_sonia/catapult.wav,catapult,f3_sonia,en-US-Neural2-G,catapult,568,-8.676,-23.0,24adccc25f85c8ea8a5328f9b7a1228d8f26979e87d6c23ba2813fbbd0ae92f4,44100,uvlt-cat-ljt,2026-04-21T09:58:49+00:00,gcloud_v1.0-2026-04-21
f3_sonia/chisel.wav,chisel,f3_sonia,en-US-Neural2-G,chisel,452,-8.628,-23.0,af1e92eab8749540d2e1dd85d0055c52f28b8228442073d1335a681af6615dce,44100,uvlt-cat-ljt,2026-04-21T09:58:49+00:00,gcloud_v1.0-2026-04-21
f3_sonia/cicada.wav,cicada,f3_sonia,en-US-Neural2-G,cicada,615,-10.29,-23.0,b7c32df282ef61cd9d4de75f4f506ad333cf3528e8bdd10e3cd32c7f1074bb77,44100,uvlt-cat-ljt,2026-04-21T09:58:35+00:00,gcloud_v1.0-2026-04-21
f3_sonia/cobweb.wav,cobweb,f3_sonia,en-US-Neural2-G,cobweb,568,-9.283,-23.0,d5f72de918efd99162fce41c169d52dbb25ecead3cbda36383211a5dea8a1b61,44100,uvlt-cat-ljt,2026-04-21T09:58:29+00:00,gcloud_v1.0-2026-04-21
f3_sonia/cocoon.wav,cocoon,f3_sonia,en-US-Neural2-G,cocoon,557,-10.725,-23.0,2cc08fbfd99b932c69df3c681a0a77ad22ac7950f3d1594ae42e16241a1b1e70,44100,uvlt-cat-ljt,2026-04-21T09:58:38+00:00,gcloud_v1.0-2026-04-21
f3_sonia/detergent.wav,detergent,f3_sonia,en-US-Neural2-G,detergent,673,-9.75,-23.0,8db118097b4fe5336365706a54b469764f6ae543547b6d194ab1f5cd918b63d7,44100,uvlt-cat-ljt,2026-04-21T09:58:40+00:00,gcloud_v1.0-2026-04-21
f3_sonia/faucet.wav,faucet,f3_sonia,en-US-Neural2-G,faucet,429,-7.743,-23.0,3eb6bee2c8c2e7c758788d4685f3074437c0c51ae8f9ae8d726f20f71262b89f,44100,uvlt-cat-ljt,2026-04-21T09:59:19+00:00,gcloud_v1.0-2026-04-21
f3_sonia/icicle.wav,icicle,f3_sonia,en-US-Neural2-G,icicle,580,-6.787,-23.0,24e9aba5caa2f9709066ae36b5f6a79649bb788b683f4519030e27a3080a42ca,44100,uvlt-cat-ljt,2026-04-21T09:58:23+00:00,gcloud_v1.0-2026-04-21
f3_sonia/labyrinth.wav,labyrinth,f3_sonia,en-US-Neural2-G,labyrinth,592,-10.289,-23.0,b6b0cd7b5793c58bee170dc686bc68a54921befefe180acf8b33f81a994661ff,44100,uvlt-cat-ljt,2026-04-21T09:58:46+00:00,gcloud_v1.0-2026-04-21
f3_sonia/ladle.wav,ladle,f3_sonia,en-US-Neural2-G,ladle,452,-11.217,-23.0,a55584a00fb1e34f47376b924f63160cc24c88da4cd754a1e5249fdd07ed9f55,44100,uvlt-cat-ljt,2026-04-21T09:58:32+00:00,gcloud_v1.0-2026-04-21
f3_sonia/lawnmower.wav,lawnmower,f3_sonia,en-US-Neural2-G,lawnmower,626,-10.321,-23.0,3445bb74917895eb6f8b62604c2f6f517a74d780054b4ad32a0000b2e72561dd,44100,uvlt-cat-ljt,2026-04-21T09:58:36+00:00,gcloud_v1.0-2026-04-21
f3_sonia/loquat.wav,loquat,f3_sonia,en-US-Neural2-G,loquat,568,-7.914,-23.0,1e405ccc508445560ebc005bb8c408389be2ee5fa95da8f17820740ff462f554,44100,uvlt-cat-ljt,2026-04-21T09:58:46+00:00,gcloud_v1.0-2026-04-21
f3_sonia/lotus.wav,lotus,f3_sonia,en-US-Neural2-G,lotus,534,-10.366,-23.0,296b605280698c47bb4f83ce7ed0d0ea860d037520e51f35f0eccfbb7d517fe6,44100,uvlt-cat-ljt,2026-04-21T09:58:47+00:00,gcloud_v1.0-2026-04-21
f3_sonia/mantis.wav,mantis,f3_sonia,en-US-Neural2-G,mantis,580,-10.055,-23.0,cf3aaef0a25a4fc4fd185974b3cc37eda137587a9152d09191672b7aaeb8b74e,44100,uvlt-cat-ljt,2026-04-21T09:58:26+00:00,gcloud_v1.0-2026-04-21
f3_sonia/nostril.wav,nostril,f3_sonia,en-US-Neural2-G,nostril,603,-8.687,-23.0,5ffdfe03cf2d29c5859ec9f8f6be7ed682d5bf93e56b40a145bc02e615b9540b,44100,uvlt-cat-ljt,2026-04-21T09:58:45+00:00,gcloud_v1.0-2026-04-21
f3_sonia/pacifier.wav,pacifier,f3_sonia,en-US-Neural2-G,pacifier,743,-6.554,-23.0,51c0e3b6a316c08dd5e464ae261aa1d3a66b93d32c055f310ef72bb5c2bd24fd,44100,uvlt-cat-ljt,2026-04-21T09:58:43+00:00,gcloud_v1.0-2026-04-21
f3_sonia/parakeet.wav,parakeet,f3_sonia,en-US-Neural2-G,parakeet,580,-9.903,-23.0,8564b123f0f62c92a3f47c848202b8d77fa85a69cda6652d45291d126bc094c7,44100,uvlt-cat-ljt,2026-04-21T09:58:40+00:00,gcloud_v1.0-2026-04-21
f3_sonia/persimmon.wav,persimmon,f3_sonia,en-US-Neural2-G,persimmon,626,-9.874,-23.0,96a346b5d041a59f1ed0599c6a349f0b0526d9f6092451ee07c41a6175e135ea,44100,uvlt-cat-ljt,2026-04-21T09:58:26+00:00,gcloud_v1.0-2026-04-21
f3_sonia/podium.wav,podium,f3_sonia,en-US-Neural2-G,podium,545,-11.602,-23.0,eb78325cc8a606df386eaf173ccd518dfe7809f303c3d084cdaafa18dce9c808,44100,uvlt-cat-ljt,2026-04-21T09:58:42+00:00,gcloud_v1.0-2026-04-21
f3_sonia/porcupine.wav,porcupine,f3_sonia,en-US-Neural2-G,porcupine,731,-7.273,-23.0,539c0f1c7aa5ceac07fe6b66d23fc4a9cb0e2b2519591274ff9a84ba04829544,44100,uvlt-cat-ljt,2026-04-21T09:58:37+00:00,gcloud_v1.0-2026-04-21
f3_sonia/protractor.wav,protractor,f3_sonia,en-US-Neural2-G,protractor,673,-7.465,-23.0,5ec2ffa1052b3c7a39b4fb105b1151f395896b54cc7bb0555615fcf335cb8ff3,44100,uvlt-cat-ljt,2026-04-21T09:58:34+00:00,gcloud_v1.0-2026-04-21
f3_sonia/pupa.wav,pupa,f3_sonia,en-US-Neural2-G,pupa,464,-7.046,-23.0,7e0ba81dcbd557711d56d97d766468bb2b375dc388c2860bab06ad1bed7a9607,44100,uvlt-cat-ljt,2026-04-21T09:58:45+00:00,gcloud_v1.0-2026-04-21
f3_sonia/pylon.wav,pylon,f3_sonia,en-US-Neural2-G,pylon,545,-11.703,-23.0,5a535b25c97c06a12112b667372674082108b91bbb19b00275c95d0e98222b8c,44100,uvlt-cat-ljt,2026-04-21T09:58:47+00:00,gcloud_v1.0-2026-04-21
f3_sonia/raccoon.wav,raccoon,f3_sonia,en-US-Neural2-G,raccoon,638,-8.301,-23.0,c3a6ab3c2f9d6c7b72d5b2dbd2995dace00bf5d7512ad3dd4336a0867cb9ab4a,44100,uvlt-cat-ljt,2026-04-21T09:58:32+00:00,gcloud_v1.0-2026-04-21
f3_sonia/razor.wav,razor,f3_sonia,en-US-Neural2-G,razor,510,-11.422,-23.0,4c4b77a99c0d5543c9b94cc01392c1ecc2a3318372877e0b9c031d8d71b29112,44100,uvlt-cat-ljt,2026-04-21T09:58:38+00:00,gcloud_v1.0-2026-04-21
f3_sonia/rickshaw.wav,rickshaw,f3_sonia,en-US-Neural2-G,rickshaw,580,-8.248,-23.0,94ade6e78c40cd6d7d926257548f8c793d8998cff09383723d0531e4463a22ab,44100,uvlt-cat-ljt,2026-04-21T09:58:31+00:00,gcloud_v1.0-2026-04-21
f3_sonia/scallop.wav,scallop,f3_sonia,en-US-Neural2-G,scallop,568,-9.941,-23.0,b54806e7ba6860418152658ba94d5b07ef29db1b6f841f1d4ea93e63b5b66696,44100,uvlt-cat-ljt,2026-04-21T09:58:41+00:00,gcloud_v1.0-2026-04-21
f3_sonia/scalpel.wav,scalpel,f3_sonia,en-US-Neural2-G,scalpel,568,-9.766,-23.0,d15270d885d1a57da424c4cc8746ebabe6cc96c66dc0482f88e3812c2e8ac637,44100,uvlt-cat-ljt,2026-04-21T09:58:43+00:00,gcloud_v1.0-2026-04-21
f3_sonia/scapula.wav,scapula,f3_sonia,en-US-Neural2-G,"<speak><phoneme alphabet=""ipa"" ph=""ˈskæp.jə.lə"">scapula</phoneme></speak>",696,-9.401,-23.0,3a71bfe35ed173be7eb782b628a39bd020e2bb63565f124aafb6393d04ef6e20,44100,uvlt-cat-ljt,2026-04-21T09:58:44+00:00,gcloud_v1.0-2026-04-21
f3_sonia/spatula.wav,spatula,f3_sonia,en-US-Neural2-G,spatula,661,-9.633,-23.0,09b34b5355e1daf2d84a782eb955711c5aa269ee0c0def8575072ffd9e559457,44100,uvlt-cat-ljt,2026-04-21T09:58:44+00:00,gcloud_v1.0-2026-04-21
f3_sonia/strainer.wav,strainer,f3_sonia,en-US-Neural2-G,strainer,534,-9.769,-23.0,f3df0bee647e94dd96d3ac4fb5c8a33a59acf5fe663c23245c807fb7a402b76b,44100,uvlt-cat-ljt,2026-04-21T09:58:48+00:00,gcloud_v1.0-2026-04-21
f3_sonia/syringe.wav,syringe,f3_sonia,en-US-Neural2-G,syringe,615,-10.496,-23.0,c03787e5e8111f5d06225dda2566ccae6bc6841e9cfaff1d2e4481c18c86cad4,44100,uvlt-cat-ljt,2026-04-21T09:58:28+00:00,gcloud_v1.0-2026-04-21
f3_sonia/tadpole.wav,tadpole,f3_sonia,en-US-Neural2-G,tadpole,592,-10.393,-23.0,8a2c591f63f67b7978c5ac0f4bd457ff88ce9875ac7b07816c4e55748c0d08d3,44100,uvlt-cat-ljt,2026-04-21T09:58:30+00:00,gcloud_v1.0-2026-04-21
f3_sonia/thermometer.wav,thermometer,f3_sonia,en-US-Neural2-G,thermometer,638,-13.537,-23.0,48fbcc27aa88b1a9f9eeb10726148ca9fc11a233a31039d541f0421517ce7566,44100,uvlt-cat-ljt,2026-04-21T09:58:24+00:00,gcloud_v1.0-2026-04-21
f3_sonia/toboggan.wav,toboggan,f3_sonia,en-US-Neural2-G,toboggan,626,-10.005,-23.0,f92855a722e22989b79b568b0cd890467e0f87cbf0a444eb0951fd38cdb6da4c,44100,uvlt-cat-ljt,2026-04-21T09:58:37+00:00,gcloud_v1.0-2026-04-21
f3_sonia/toupee.wav,toupee,f3_sonia,en-US-Neural2-G,toupee,534,-10.823,-23.0,aac6b498921b35a216e97ba50c9815017e36d0f143b2470ae1a91d69e183f1d4,44100,uvlt-cat-ljt,2026-04-21T09:58:34+00:00,gcloud_v1.0-2026-04-21
f3_sonia/treadmill.wav,treadmill,f3_sonia,en-US-Neural2-G,treadmill,534,-10.205,-23.0,40679a6beb70465056dc4cc900bd31b5472179f4fbff9fa082a93b0c0bb660a5,44100,uvlt-cat-ljt,2026-04-21T09:58:35+00:00,gcloud_v1.0-2026-04-21
f3_sonia/tweezers.wav,tweezers,f3_sonia,en-US-Neural2-G,tweezers,603,-12.581,-23.0,b675195d5b700ff3de900e7deb63f786f85008181906c51ede1fd424bfc7ae76,44100,uvlt-cat-ljt,2026-04-21T09:58:30+00:00,gcloud_v1.0-2026-04-21
f3_sonia/walrus.wav,walrus,f3_sonia,en-US-Neural2-G,walrus,580,-8.099,-23.0,7710b308a7cc0aa38035e78c1224554e3be91cc98feb2d4f9faca078320933fb,44100,uvlt-cat-ljt,2026-04-21T09:58:41+00:00,gcloud_v1.0-2026-04-21
f3_sonia/wardrobe.wav,wardrobe,f3_sonia,en-US-Neural2-G,wardrobe,592,-9.673,-23.0,f1b0c98589b49c269380c3cfdb64ba47f9c4755b42881ba277a0db673fa7093c,44100,uvlt-cat-ljt,2026-04-21T09:58:39+00:00,gcloud_v1.0-2026-04-21
f3_sonia/xylophone.wav,xylophone,f3_sonia,en-US-Neural2-G,xylophone,743,-7.264,-23.0,491345a61cab2ba58ecd309d40089b6a3d11ee56bc848b344245f5f5b80d9b7c,44100,uvlt-cat-ljt,2026-04-21T09:58:33+00:00,gcloud_v1.0-2026-04-21
m1_guy/abacus.wav,abacus,m1_guy,en-US-Neural2-J,abacus,673,-6.2,-23.0,4d597bace1b742569326abd51f879e6abe45fce435193e4cf7a2364eaf724c52,44100,uvlt-cat-ljt,2026-04-21T09:56:10+00:00,gcloud_v1.0-2026-04-21
m1_guy/abalone.wav,abalone,m1_guy,en-US-Neural2-J,abalone,603,-9.446,-23.0,f1c4ffa1a0fbaaed670a8ef3a4ab025452f6eabd729a606b06a1d531f65bdfcc,44100,uvlt-cat-ljt,2026-04-21T09:56:18+00:00,gcloud_v1.0-2026-04-21
m1_guy/acorn.wav,acorn,m1_guy,en-US-Neural2-J,"<speak><phoneme alphabet=""ipa"" ph=""ˈeɪ.kɔɹn"">acorn</phoneme></speak>",568,-7.145,-23.0,d245e6a570ad29135034874accc35dfd91897202df11cf0486cef7d4786d2307,44100,uvlt-cat-ljt,2026-04-21T09:56:11+00:00,gcloud_v1.0-2026-04-21
m1_guy/binoculars.wav,binoculars,m1_guy,en-US-Neural2-J,binoculars,882,-7.068,-23.0,c523718accf3a5ecedba82242d89258996e1f6d890e72a14422fdd3b5c04573e,44100,uvlt-cat-ljt,2026-04-21T09:56:12+00:00,gcloud_v1.0-2026-04-21
m1_guy/burdock.wav,burdock,m1_guy,en-US-Neural2-J,burdock,522,-11.102,-23.0,8bafdae62e73b0896aab4436ca944ecf03f4aef10dde3f7b3275c8bbc384119c,44100,uvlt-cat-ljt,2026-04-21T09:56:14+00:00,gcloud_v1.0-2026-04-21
m1_guy/burglar.wav,burglar,m1_guy,en-US-Neural2-J,burglar,522,-10.624,-23.0,e3eeddacd4187e141295b2618e8dcf1d3c02b2f9deef1e8cbbeb403f422fe08e,44100,uvlt-cat-ljt,2026-04-21T09:56:23+00:00,gcloud_v1.0-2026-04-21
m1_guy/capelin.wav,capelin,m1_guy,en-US-Neural2-J,capelin,522,-6.039,-23.0,09bfd7a9cfee2768a6695df7332eefe075b81955c702f63d5b292483c71c52cf,44100,uvlt-cat-ljt,2026-04-21T09:56:35+00:00,gcloud_v1.0-2026-04-21
m1_guy/carousel.wav,carousel,m1_guy,en-US-Neural2-J,carousel,603,-9.409,-23.0,20fb832ec6dcdf244392e9da22fdf6aff9231043129e24de3a786bc975dc4606,44100,uvlt-cat-ljt,2026-04-21T09:56:13+00:00,gcloud_v1.0-2026-04-21
m1_guy/casket.wav,casket,m1_guy,en-US-Neural2-J,casket,545,-7.572,-23.0,f25968d60ea2db61bcc48c8c9833a07fec8ac26a55279c9a88e8f6f11d9ab3b3,44100,uvlt-cat-ljt,2026-04-21T09:56:29+00:00,gcloud_v1.0-2026-04-21
m1_guy/catapult.wav,catapult,m1_guy,en-US-Neural2-J,catapult,487,-6.792,-23.0,ad6c9740b78a7f32f3f05f7e30ae71ed6fbd1c3ec5095c8022b14cf7ae4fa695,44100,uvlt-cat-ljt,2026-04-21T09:56:36+00:00,gcloud_v1.0-2026-04-21
m1_guy/chisel.wav,chisel,m1_guy,en-US-Neural2-J,chisel,441,-8.38,-23.0,a51546aed64f6caf5853ed62c5ee2564afe421b62015571ef2db36eed3bb09c4,44100,uvlt-cat-ljt,2026-04-21T09:56:36+00:00,gcloud_v1.0-2026-04-21
m1_guy/cicada.wav,cicada,m1_guy,en-US-Neural2-J,cicada,603,-11.483,-23.0,5384dc8b0d254d75a7b9d659b8b34d805cdb16eabb63a967eb75fe337a19065c,44100,uvlt-cat-ljt,2026-04-21T09:56:22+00:00,gcloud_v1.0-2026-04-21
m1_guy/cobweb.wav,cobweb,m1_guy,en-US-Neural2-J,cobweb,557,-7.718,-23.0,f5f1f361102b1e0378fd0319ef5fea300927d867ce35036ac7b22c1d3be6e8e1,44100,uvlt-cat-ljt,2026-04-21T09:56:15+00:00,gcloud_v1.0-2026-04-21
m1_guy/cocoon.wav,cocoon,m1_guy,en-US-Neural2-J,cocoon,603,-10.704,-23.0,b36ee212eb16000b5e5d3dc6e5ac030d0e6bcb2600195331bc58bd756b06a42b,44100,uvlt-cat-ljt,2026-04-21T09:56:25+00:00,gcloud_v1.0-2026-04-21
m1_guy/detergent.wav,detergent,m1_guy,en-US-Neural2-J,detergent,719,-10.032,-23.0,99caadc403a4d4fba03187c0baa25b362e4c97f49ae0b7badd4353d17c670e5e,44100,uvlt-cat-ljt,2026-04-21T09:56:26+00:00,gcloud_v1.0-2026-04-21
m1_guy/faucet.wav,faucet,m1_guy,en-US-Neural2-J,faucet,383,-7.539,-23.0,a61b429bdac2c1b344ae50b3201829172b76e1bd084f31c8697b6fb4bef4fca4,44100,uvlt-cat-ljt,2026-04-21T09:59:17+00:00,gcloud_v1.0-2026-04-21
m1_guy/icicle.wav,icicle,m1_guy,en-US-Neural2-J,icicle,580,-5.354,-23.0,ffcef8763a8e26183ab6051efd8641321bd43e48006f5cc5e5be95bec49d957c,44100,uvlt-cat-ljt,2026-04-21T09:56:09+00:00,gcloud_v1.0-2026-04-21
m1_guy/labyrinth.wav,labyrinth,m1_guy,en-US-Neural2-J,labyrinth,592,-8.404,-23.0,aa732369143a851f22444fb99bf04288eb40f9365e8d1cf55c791488b336da84,44100,uvlt-cat-ljt,2026-04-21T09:56:33+00:00,gcloud_v1.0-2026-04-21
m1_guy/ladle.wav,ladle,m1_guy,en-US-Neural2-J,ladle,441,-10.015,-23.0,77e06e5bed49033e7d1fba275d13edb68823ee0cd22aeec235101cb78603c8ef,44100,uvlt-cat-ljt,2026-04-21T09:56:19+00:00,gcloud_v1.0-2026-04-21
m1_guy/lawnmower.wav,lawnmower,m1_guy,en-US-Neural2-J,lawnmower,592,-9.692,-23.0,09b9bda22f579e6800cac6bf8005a727c8027a7774967e25a4705833cdee09ac,44100,uvlt-cat-ljt,2026-04-21T09:56:22+00:00,gcloud_v1.0-2026-04-21
m1_guy/loquat.wav,loquat,m1_guy,en-US-Neural2-J,loquat,534,-10.397,-23.0,daaacb30c80ab980915cd711562051e08c777c1abbaffd8a042672dd0bd76f21,44100,uvlt-cat-ljt,2026-04-21T09:56:33+00:00,gcloud_v1.0-2026-04-21
m1_guy/lotus.wav,lotus,m1_guy,en-US-Neural2-J,lotus,568,-9.387,-23.0,cdefd0301f1759fc23684e891afc6b45c60f04c8f0abf14dcf52d17e7bd366ce,44100,uvlt-cat-ljt,2026-04-21T09:56:34+00:00,gcloud_v1.0-2026-04-21
m1_guy/mantis.wav,mantis,m1_guy,en-US-Neural2-J,mantis,638,-8.232,-23.0,f0d386325b72eb6e069f8902fc0a83da8bc3ea32d1e7e9e73a7ee6f0a4fe7a84,44100,uvlt-cat-ljt,2026-04-21T09:56:13+00:00,gcloud_v1.0-2026-04-21
m1_guy/nostril.wav,nostril,m1_guy,en-US-Neural2-J,nostril,615,-8.656,-23.0,581144290d335634ab66f8c0e14da5e687c8e571b206d3f797a290c304d5e003,44100,uvlt-cat-ljt,2026-04-21T09:56:32+00:00,gcloud_v1.0-2026-04-21
m1_guy/pacifier.wav,pacifier,m1_guy,en-US-Neural2-J,pacifier,743,-7.002,-23.0,1ed2709d0d2c0a9e22c1d640c880992fdaf86ed8fe75e75794eaf849cf791a43,44100,uvlt-cat-ljt,2026-04-21T09:56:30+00:00,gcloud_v1.0-2026-04-21
m1_guy/parakeet.wav,parakeet,m1_guy,en-US-Neural2-J,parakeet,545,-10.666,-23.0,25c87d3e7ef5b121fa0bd90c8dbfdc77ccd1736e74cfb3141e84ed3ebfe8f40b,44100,uvlt-cat-ljt,2026-04-21T09:56:27+00:00,gcloud_v1.0-2026-04-21
m1_guy/persimmon.wav,persimmon,m1_guy,en-US-Neural2-J,persimmon,626,-8.721,-23.0,98557eca4859db184bed4025c53453fea6ce93100893f210edc53c3ade507daf,44100,uvlt-cat-ljt,2026-04-21T09:56:12+00:00,gcloud_v1.0-2026-04-21
m1_guy/podium.wav,podium,m1_guy,en-US-Neural2-J,podium,499,-10.218,-23.0,a10cf6865c7c3a0e58ee62defaf11a881db4c843848222fb9d5299cb168ab7dc,44100,uvlt-cat-ljt,2026-04-21T09:56:29+00:00,gcloud_v1.0-2026-04-21
m1_guy/porcupine.wav,porcupine,m1_guy,en-US-Neural2-J,porcupine,743,-8.41,-23.0,1996664004420a943fee63e09be621b53bac50b6b0e30ae355afaec1fb13e109,44100,uvlt-cat-ljt,2026-04-21T09:56:24+00:00,gcloud_v1.0-2026-04-21
m1_guy/protractor.wav,protractor,m1_guy,en-US-Neural2-J,protractor,673,-6.954,-23.0,8e69c80fad76f9002b3d7a405b5ad4da2936f3629d36f8a0801657dac240e928,44100,uvlt-cat-ljt,2026-04-21T09:56:20+00:00,gcloud_v1.0-2026-04-21
m1_guy/pupa.wav,pupa,m1_guy,en-US-Neural2-J,pupa,417,-9.809,-23.0,91206815f5fa505459e4dcbf1b994b05d8a7051cd7c629363f406ae5188bdccb,44100,uvlt-cat-ljt,2026-04-21T09:56:32+00:00,gcloud_v1.0-2026-04-21
m1_guy/pylon.wav,pylon,m1_guy,en-US-Neural2-J,pylon,557,-7.111,-23.0,0588e6066c8cb896ba1f11267f5057528cb17539c9c42e10b55ab7eff79491b5,44100,uvlt-cat-ljt,2026-04-21T09:56:34+00:00,gcloud_v1.0-2026-04-21
m1_guy/raccoon.wav,raccoon,m1_guy,en-US-Neural2-J,raccoon,661,-6.881,-23.0,3c0d66173dbe7dd2d81b216d6026cc574f5c7d2a89c797db2f458ad6d835ac7e,44100,uvlt-cat-ljt,2026-04-21T09:56:18+00:00,gcloud_v1.0-2026-04-21
m1_guy/razor.wav,razor,m1_guy,en-US-Neural2-J,razor,476,-8.476,-23.0,d2229950936638d28d247f4e1712d0634909eff7292bc1b766c3c374c9a5b85c,44100,uvlt-cat-ljt,2026-04-21T09:56:25+00:00,gcloud_v1.0-2026-04-21
m1_guy/rickshaw.wav,rickshaw,m1_guy,en-US-Neural2-J,rickshaw,557,-4.815,-23.0,27d49e3ca91fc3f4d167f06304e9ad90a9e3c6836a936b38676d6afdddc0f0aa,44100,uvlt-cat-ljt,2026-04-21T09:56:17+00:00,gcloud_v1.0-2026-04-21
m1_guy/scallop.wav,scallop,m1_guy,en-US-Neural2-J,scallop,592,-7.986,-23.0,0bf4435d954a0d5afb288ff3476b03302857e538070945fd1f041d6b4ccfb0ee,44100,uvlt-cat-ljt,2026-04-21T09:56:27+00:00,gcloud_v1.0-2026-04-21
m1_guy/scalpel.wav,scalpel,m1_guy,en-US-Neural2-J,scalpel,580,-7.613,-23.0,45fa9b875a2815552ccd555f7b1669105ae698e44b9439ab70ae90b629e23cd3,44100,uvlt-cat-ljt,2026-04-21T09:56:30+00:00,gcloud_v1.0-2026-04-21
m1_guy/scapula.wav,scapula,m1_guy,en-US-Neural2-J,"<speak><phoneme alphabet=""ipa"" ph=""ˈskæp.jə.lə"">scapula</phoneme></speak>",696,-6.459,-23.0,94723745d1950275c86501c8c2097156fc1f33e394d0b7b54716017878417c06,44100,uvlt-cat-ljt,2026-04-21T09:56:31+00:00,gcloud_v1.0-2026-04-21
m1_guy/spatula.wav,spatula,m1_guy,en-US-Neural2-J,spatula,661,-6.221,-23.0,532c444ec109a23938e5c269bb123761d16a53869e731a4f79fdb2d4dd2e96f6,44100,uvlt-cat-ljt,2026-04-21T09:56:31+00:00,gcloud_v1.0-2026-04-21
m1_guy/strainer.wav,strainer,m1_guy,en-US-Neural2-J,strainer,545,-9.866,-23.0,c6d583779e219334df5d76060b1834a2dff620328b78ea21e2b6c326651753c1,44100,uvlt-cat-ljt,2026-04-21T09:56:35+00:00,gcloud_v1.0-2026-04-21
m1_guy/syringe.wav,syringe,m1_guy,en-US-Neural2-J,syringe,754,-7.998,-23.0,b54b93f1288fcae67285ad29c6b3e3082aab70ed102744234b070c1641ba1726,44100,uvlt-cat-ljt,2026-04-21T09:56:14+00:00,gcloud_v1.0-2026-04-21
m1_guy/tadpole.wav,tadpole,m1_guy,en-US-Neural2-J,tadpole,603,-6.769,-23.0,0f5ea035babaa66098e0f9dbc82db037a887295a16428ebbcc8f092c7b202a04,44100,uvlt-cat-ljt,2026-04-21T09:56:16+00:00,gcloud_v1.0-2026-04-21
m1_guy/thermometer.wav,thermometer,m1_guy,en-US-Neural2-J,thermometer,592,-10.694,-23.0,156efb58c90fbde944c56c368fd1453f41c23c14f54efceff6493bbb6dcb7d67,44100,uvlt-cat-ljt,2026-04-21T09:56:10+00:00,gcloud_v1.0-2026-04-21
m1_guy/toboggan.wav,toboggan,m1_guy,en-US-Neural2-J,toboggan,603,-8.559,-23.0,e6f6b39e6a656331845e99a494054ee73a48f7489c2b990ddee7ce97e63d0438,44100,uvlt-cat-ljt,2026-04-21T09:56:23+00:00,gcloud_v1.0-2026-04-21
m1_guy/toupee.wav,toupee,m1_guy,en-US-Neural2-J,toupee,499,-9.856,-23.0,81e34444b076afb350b7d5d3594a60aed430a16c881da5aeb9d139a3a351a9fb,44100,uvlt-cat-ljt,2026-04-21T09:56:21+00:00,gcloud_v1.0-2026-04-21
m1_guy/treadmill.wav,treadmill,m1_guy,en-US-Neural2-J,treadmill,534,-10.231,-23.0,352c5ebd8aa3dd71b999b8248b47d946deb113fd06ab16f18da56f84d4e873b0,44100,uvlt-cat-ljt,2026-04-21T09:56:21+00:00,gcloud_v1.0-2026-04-21
m1_guy/tweezers.wav,tweezers,m1_guy,en-US-Neural2-J,tweezers,673,-9.945,-23.0,e588763bc0f61f6b1bfc15ca1ef127d4fc3121c2c7175f94d3eadb9a1014e05e,44100,uvlt-cat-ljt,2026-04-21T09:56:17+00:00,gcloud_v1.0-2026-04-21
m1_guy/walrus.wav,walrus,m1_guy,en-US-Neural2-J,walrus,661,-6.076,-23.0,670de060ab76ee3b72e01098f1951bb4d843671e7b06822f4a2b35c2557f6c93,44100,uvlt-cat-ljt,2026-04-21T09:56:28+00:00,gcloud_v1.0-2026-04-21
m1_guy/wardrobe.wav,wardrobe,m1_guy,en-US-Neural2-J,wardrobe,580,-10.635,-23.0,8a66cc318804beff7da6de1e357f44ffc9ef9d97d3cee04ff96109e199acebd7,44100,uvlt-cat-ljt,2026-04-21T09:56:26+00:00,gcloud_v1.0-2026-04-21
m1_guy/xylophone.wav,xylophone,m1_guy,en-US-Neural2-J,xylophone,754,-4.232,-23.0,9c0da431327fda56e2d069804427a4cca8e977288a252b153cd882afc87739ba,44100,uvlt-cat-ljt,2026-04-21T09:56:19+00:00,gcloud_v1.0-2026-04-21
m2_christopher/abacus.wav,abacus,m2_christopher,en-US-Neural2-I,abacus,650,-6.424,-23.0,86ed03e336131781a37e55d473eec015f830b095e53907fc57dbcd88a5530ec9,44100,uvlt-cat-ljt,2026-04-21T09:56:38+00:00,gcloud_v1.0-2026-04-21
m2_christopher/abalone.wav,abalone,m2_christopher,en-US-Neural2-I,abalone,661,-8.312,-23.0,e86a794130d180da5fc5b01b991e9dfbf0a487415821bd101a5025734dd9e170,44100,uvlt-cat-ljt,2026-04-21T09:56:45+00:00,gcloud_v1.0-2026-04-21
m2_christopher/acorn.wav,acorn,m2_christopher,en-US-Neural2-I,"<speak><phoneme alphabet=""ipa"" ph=""ˈeɪ.kɔɹn"">acorn</phoneme></speak>",580,-7.304,-23.0,01e898ff311fe2418871669667f3834941f6029f80746e258cd49edefbdaf251,44100,uvlt-cat-ljt,2026-04-21T09:56:39+00:00,gcloud_v1.0-2026-04-21
m2_christopher/binoculars.wav,binoculars,m2_christopher,en-US-Neural2-I,binoculars,777,-7.106,-23.0,1a63501e308788d80a8a03644805c1efb4f48759cb4ac03cb655b7a0e30ff2f4,44100,uvlt-cat-ljt,2026-04-21T09:56:39+00:00,gcloud_v1.0-2026-04-21
m2_christopher/burdock.wav,burdock,m2_christopher,en-US-Neural2-I,burdock,522,-11.087,-23.0,df7ab7a995b114c486d5ba6f0214a6987bd6c2fc6f0d82655997acac6ea48495,44100,uvlt-cat-ljt,2026-04-21T09:56:42+00:00,gcloud_v1.0-2026-04-21
m2_christopher/burglar.wav,burglar,m2_christopher,en-US-Neural2-I,burglar,568,-9.642,-23.0,768fb6d9625ea0768ba852fd9192dcc4396c1465af46e9bec8b682b592a6c7e4,44100,uvlt-cat-ljt,2026-04-21T09:56:50+00:00,gcloud_v1.0-2026-04-21
m2_christopher/capelin.wav,capelin,m2_christopher,en-US-Neural2-I,capelin,534,-5.985,-23.0,99170233c0836d1b794c3130ffbfe268d4f9bd1cff2da5295ccc29b7eb2de49c,44100,uvlt-cat-ljt,2026-04-21T09:57:02+00:00,gcloud_v1.0-2026-04-21
m2_christopher/carousel.wav,carousel,m2_christopher,en-US-Neural2-I,carousel,615,-10.201,-23.0,bee637be05f7976cd699e8737d4fd572ebb1f9fefec81ff672ab40ec6261904d,44100,uvlt-cat-ljt,2026-04-21T09:56:41+00:00,gcloud_v1.0-2026-04-21
m2_christopher/casket.wav,casket,m2_christopher,en-US-Neural2-I,casket,510,-7.12,-23.0,b5a386a6d37c99ff008796cb12b6f6ba291c7772d521188490f93b7845c6f49b,44100,uvlt-cat-ljt,2026-04-21T09:56:56+00:00,gcloud_v1.0-2026-04-21
m2_christopher/catapult.wav,catapult,m2_christopher,en-US-Neural2-I,catapult,545,-8.856,-23.0,fb31e97aaa29a739677876d3f6d73ed93a7392b7645473909cb25dd573057b3e,44100,uvlt-cat-ljt,2026-04-21T09:57:04+00:00,gcloud_v1.0-2026-04-21
m2_christopher/chisel.wav,chisel,m2_christopher,en-US-Neural2-I,chisel,476,-8.87,-23.0,ed10c08c5a4066bd50d29c55814502980dc86aeeac7c15c54051523ab7f43822,44100,uvlt-cat-ljt,2026-04-21T09:57:03+00:00,gcloud_v1.0-2026-04-21
m2_christopher/cicada.wav,cicada,m2_christopher,en-US-Neural2-I,cicada,603,-11.041,-23.0,14a311949a1ad6cfff025a8f19af209071ad50469a594a35b37034e86f10167d,44100,uvlt-cat-ljt,2026-04-21T09:56:49+00:00,gcloud_v1.0-2026-04-21
m2_christopher/cobweb.wav,cobweb,m2_christopher,en-US-Neural2-I,cobweb,568,-6.644,-23.0,1c58ddb956eeebd9612929a1358c94a803cacbc6b820ac6a015db520a428a20b,44100,uvlt-cat-ljt,2026-04-21T09:56:43+00:00,gcloud_v1.0-2026-04-21
m2_christopher/cocoon.wav,cocoon,m2_christopher,en-US-Neural2-I,cocoon,592,-10.527,-23.0,5ea8eceb60d8266fe484c014e6dd3f675e446c508cb216ef66e7c5d581eab128,44100,uvlt-cat-ljt,2026-04-21T09:56:52+00:00,gcloud_v1.0-2026-04-21
m2_christopher/detergent.wav,detergent,m2_christopher,en-US-Neural2-I,detergent,638,-9.834,-23.0,3c95e28f6cd27da39d655ed6008844f04436f8a0bcad27073d1deedd8de7ee76,44100,uvlt-cat-ljt,2026-04-21T09:56:53+00:00,gcloud_v1.0-2026-04-21
m2_christopher/faucet.wav,faucet,m2_christopher,en-US-Neural2-I,faucet,429,-7.529,-23.0,8814327c53d61908928985dca1349695edb513b0c1c1fd49555109ceadcdc02b,44100,uvlt-cat-ljt,2026-04-21T09:59:17+00:00,gcloud_v1.0-2026-04-21
m2_christopher/icicle.wav,icicle,m2_christopher,en-US-Neural2-I,icicle,603,-6.533,-23.0,3b92920df61029b8b0f27f7c6111f09b75a759a76d894004b09bace538029f96,44100,uvlt-cat-ljt,2026-04-21T09:56:37+00:00,gcloud_v1.0-2026-04-21
m2_christopher/labyrinth.wav,labyrinth,m2_christopher,en-US-Neural2-I,labyrinth,626,-8.216,-23.0,ad6d606a1dd2c5d59b679ebd495ac151155649aed3c74854d81dc8238cd19ae8,44100,uvlt-cat-ljt,2026-04-21T09:57:00+00:00,gcloud_v1.0-2026-04-21
m2_christopher/ladle.wav,ladle,m2_christopher,en-US-Neural2-I,ladle,487,-10.334,-23.0,e4193129d40a61e9cd1ac41b6dd539b0560613528839e007bedaac19b0501e1f,44100,uvlt-cat-ljt,2026-04-21T09:56:47+00:00,gcloud_v1.0-2026-04-21
m2_christopher/lawnmower.wav,lawnmower,m2_christopher,en-US-Neural2-I,lawnmower,638,-8.27,-23.0,6fc7b89512182054c96fde9c25b6aacee6b210be9438c1359d24cae0e6a41111,44100,uvlt-cat-ljt,2026-04-21T09:56:50+00:00,gcloud_v1.0-2026-04-21
m2_christopher/loquat.wav,loquat,m2_christopher,en-US-Neural2-I,loquat,522,-9.783,-23.0,b27d54b0b98b5004fa766fc4c20fab9bb2e6148c819a98f9d3188415a70b5e1f,44100,uvlt-cat-ljt,2026-04-21T09:57:01+00:00,gcloud_v1.0-2026-04-21
m2_christopher/lotus.wav,lotus,m2_christopher,en-US-Neural2-I,lotus,534,-9.313,-23.0,332a137a7b0851af6d6b82b19268eb2a3243c2cb2c619bb97125f85a773831e0,44100,uvlt-cat-ljt,2026-04-21T09:57:02+00:00,gcloud_v1.0-2026-04-21
m2_christopher/mantis.wav,mantis,m2_christopher,en-US-Neural2-I,mantis,592,-8.236,-23.0,b7b27724e603a9851e6abc2b9464554425d17c28761628a613e77ce37e2678ec,44100,uvlt-cat-ljt,2026-04-21T09:56:40+00:00,gcloud_v1.0-2026-04-21
m2_christopher/nostril.wav,nostril,m2_christopher,en-US-Neural2-I,nostril,626,-6.339,-23.0,9aa660648f82cbb77279eb96c48626982e4c673c20662bc642c152a0e1488312,44100,uvlt-cat-ljt,2026-04-21T09:56:59+00:00,gcloud_v1.0-2026-04-21
m2_christopher/pacifier.wav,pacifier,m2_christopher,en-US-Neural2-I,pacifier,777,-5.492,-23.0,2cc0b0323c97e66c0d3b9bf2cf1f70ff599b5eece982d1a613ea17d1310bcd63,44100,uvlt-cat-ljt,2026-04-21T09:56:57+00:00,gcloud_v1.0-2026-04-21
m2_christopher/parakeet.wav,parakeet,m2_christopher,en-US-Neural2-I,parakeet,568,-9.491,-23.0,f04e010ad164381de47f9a3850db4ecf65fcb6dbc5e1836f892a25032648f7f3,44100,uvlt-cat-ljt,2026-04-21T09:56:54+00:00,gcloud_v1.0-2026-04-21
m2_christopher/persimmon.wav,persimmon,m2_christopher,en-US-Neural2-I,persimmon,626,-11.722,-23.0,09ba6825826d491fbfc0bd3e09693d52a693b56fe89c562b398aa38beffc2b7e,44100,uvlt-cat-ljt,2026-04-21T09:56:40+00:00,gcloud_v1.0-2026-04-21
m2_christopher/podium.wav,podium,m2_christopher,en-US-Neural2-I,podium,534,-11.271,-23.0,233574d636f8f6c358bb9c446591437b84addc9a5445437ad85790da1aaac6d7,44100,uvlt-cat-ljt,2026-04-21T09:56:56+00:00,gcloud_v1.0-2026-04-21
m2_christopher/porcupine.wav,porcupine,m2_christopher,en-US-Neural2-I,porcupine,766,-6.941,-23.0,a36bf3056dcc1479c8c9254871e54a5c26c02b9ce70fa07a9c805f8bfb0a56d1,44100,uvlt-cat-ljt,2026-04-21T09:56:52+00:00,gcloud_v1.0-2026-04-21
m2_christopher/protractor.wav,protractor,m2_christopher,en-US-Neural2-I,protractor,650,-7.35,-23.0,3247780652ebda5b9031e947d30cd69b5a1c2dc4d2c361b18826b0e084de42ae,44100,uvlt-cat-ljt,2026-04-21T09:56:47+00:00,gcloud_v1.0-2026-04-21
m2_christopher/pupa.wav,pupa,m2_christopher,en-US-Neural2-I,pupa,464,-9.276,-23.0,85f6c6fe94ab85f9a16852bf0e9a01b7929d215c3fe9e57a15f43a05a40eaf19,44100,uvlt-cat-ljt,2026-04-21T09:56:59+00:00,gcloud_v1.0-2026-04-21
m2_christopher/pylon.wav,pylon,m2_christopher,en-US-Neural2-I,pylon,592,-7.657,-23.0,202eea1af895fffd29b0b0bbe3dce5a84c9261cd53f92057dec042897589af72,44100,uvlt-cat-ljt,2026-04-21T09:57:01+00:00,gcloud_v1.0-2026-04-21
m2_christopher/raccoon.wav,raccoon,m2_christopher,en-US-Neural2-I,raccoon,650,-8.247,-23.0,ded0a7feb84960d643ca0bee83be37e5061d88d2212d7ae16c1af511925c4218,44100,uvlt-cat-ljt,2026-04-21T09:56:46+00:00,gcloud_v1.0-2026-04-21
m2_christopher/razor.wav,razor,m2_christopher,en-US-Neural2-I,razor,522,-10.15,-23.0,5db549462b4ad38fd259116a78429ebdf1ee763e6c2780622f1386d8319d71bf,44100,uvlt-cat-ljt,2026-04-21T09:56:52+00:00,gcloud_v1.0-2026-04-21
m2_christopher/rickshaw.wav,rickshaw,m2_christopher,en-US-Neural2-I,rickshaw,545,-8.995,-23.0,ab884cdbae952d69c9c16c57a47d22bc8c938d9a9c0143505d12be3335eebe26,44100,uvlt-cat-ljt,2026-04-21T09:56:45+00:00,gcloud_v1.0-2026-04-21
m2_christopher/scallop.wav,scallop,m2_christopher,en-US-Neural2-I,scallop,487,-8.546,-23.0,dfe2617e05fa5bd074239a20022fd879dbc61032e4be53e711e5596676abb870,44100,uvlt-cat-ljt,2026-04-21T09:56:54+00:00,gcloud_v1.0-2026-04-21
m2_christopher/scalpel.wav,scalpel,m2_christopher,en-US-Neural2-I,scalpel,592,-7.471,-23.0,5b25fb79897181cb1f00c2ff0aef9f70f5f5f0e4bf18d0a77081a2c7e14b5038,44100,uvlt-cat-ljt,2026-04-21T09:56:57+00:00,gcloud_v1.0-2026-04-21
m2_christopher/scapula.wav,scapula,m2_christopher,en-US-Neural2-I,"<speak><phoneme alphabet=""ipa"" ph=""ˈskæp.jə.lə"">scapula</phoneme></speak>",673,-8.274,-23.0,357ee6418b24550c2343d213dfc04432abcac093024c8e6ddee4187bde97b546,44100,uvlt-cat-ljt,2026-04-21T09:56:58+00:00,gcloud_v1.0-2026-04-21
m2_christopher/spatula.wav,spatula,m2_christopher,en-US-Neural2-I,spatula,638,-6.902,-23.0,74182af39e817b71dc27ecf2463c4b0a6a73d3a476a76316c267908737abc0dd,44100,uvlt-cat-ljt,2026-04-21T09:56:58+00:00,gcloud_v1.0-2026-04-21
m2_christopher/strainer.wav,strainer,m2_christopher,en-US-Neural2-I,strainer,557,-9.299,-23.0,f1755419b485f43c188ca19763fcde1028cb98869dbed6c336f5c88efec9d9ce,44100,uvlt-cat-ljt,2026-04-21T09:57:03+00:00,gcloud_v1.0-2026-04-21
m2_christopher/syringe.wav,syringe,m2_christopher,en-US-Neural2-I,syringe,650,-10.205,-23.0,511ef8c9eca8662f8a55a815af25dc67fc9f7cc73311d0cece0ef0519a5c8cc8,44100,uvlt-cat-ljt,2026-04-21T09:56:41+00:00,gcloud_v1.0-2026-04-21
m2_christopher/tadpole.wav,tadpole,m2_christopher,en-US-Neural2-I,tadpole,638,-8.561,-23.0,c43aad529faf44a7a154aa489229f02deb79a1ae12f7233c466b4904c01c2476,44100,uvlt-cat-ljt,2026-04-21T09:56:44+00:00,gcloud_v1.0-2026-04-21
m2_christopher/thermometer.wav,thermometer,m2_christopher,en-US-Neural2-I,thermometer,661,-8.411,-23.0,db647679c5fad3859e6b02d2d03fc08b644b612dfccf3b3381f7ef428e507495,44100,uvlt-cat-ljt,2026-04-21T09:56:38+00:00,gcloud_v1.0-2026-04-21
m2_christopher/toboggan.wav,toboggan,m2_christopher,en-US-Neural2-I,toboggan,615,-7.892,-23.0,43452656f89f91477b987df1384a448953d3a1a5ef359be06c32a31ba5bbe0c9,44100,uvlt-cat-ljt,2026-04-21T09:56:51+00:00,gcloud_v1.0-2026-04-21
m2_christopher/toupee.wav,toupee,m2_christopher,en-US-Neural2-I,toupee,545,-10.705,-23.0,0919a5191c47c2a4ef91bb8529fb32272eb3b6e571ecc84ee5fab731ccd77a6e,44100,uvlt-cat-ljt,2026-04-21T09:56:48+00:00,gcloud_v1.0-2026-04-21
m2_christopher/treadmill.wav,treadmill,m2_christopher,en-US-Neural2-I,treadmill,557,-8.662,-23.0,740bcee892829929f70adbf1811af05e19488bf619c7520399f0653a2af9b692,44100,uvlt-cat-ljt,2026-04-21T09:56:49+00:00,gcloud_v1.0-2026-04-21
m2_christopher/tweezers.wav,tweezers,m2_christopher,en-US-Neural2-I,tweezers,638,-10.222,-23.0,002d60bb60a125c2f3f2427a8e9fc8a88a7bb607a4d6b122aa3bc891d064da2d,44100,uvlt-cat-ljt,2026-04-21T09:56:44+00:00,gcloud_v1.0-2026-04-21
m2_christopher/walrus.wav,walrus,m2_christopher,en-US-Neural2-I,walrus,592,-7.379,-23.0,5737ce1edeaf74c4ebeea38fe17784d56d3984b39cd9ed6a563a32fd82586b11,44100,uvlt-cat-ljt,2026-04-21T09:56:55+00:00,gcloud_v1.0-2026-04-21
m2_christopher/wardrobe.wav,wardrobe,m2_christopher,en-US-Neural2-I,wardrobe,626,-8.308,-23.0,3e754ef66c6760c4512a6dc99cc07b216ce50aa18b39e09ce3632618d35232a3,44100,uvlt-cat-ljt,2026-04-21T09:56:53+00:00,gcloud_v1.0-2026-04-21
m2_christopher/xylophone.wav,xylophone,m2_christopher,en-US-Neural2-I,xylophone,789,-8.064,-23.0,27a75f22746633811c1bb2b525a7fb33cc52c5ab1afd7db35c342b580712b4d4,44100,uvlt-cat-ljt,2026-04-21T09:56:47+00:00,gcloud_v1.0-2026-04-21
m3_ryan/abacus.wav,abacus,m3_ryan,en-US-Neural2-D,abacus,708,-7.128,-23.0,331ecfd29772f98c606a59803a34e1cec6efa716f2616040c2206c1ff29f1060,44100,uvlt-cat-ljt,2026-04-21T09:57:05+00:00,gcloud_v1.0-2026-04-21
m3_ryan/abalone.wav,abalone,m3_ryan,en-US-Neural2-D,abalone,708,-8.827,-23.0,71507e47cc751aff05673abf5f317f6470c555c65158e86b197ce0b1a6d72d50,44100,uvlt-cat-ljt,2026-04-21T09:57:12+00:00,gcloud_v1.0-2026-04-21
m3_ryan/acorn.wav,acorn,m3_ryan,en-US-Neural2-D,"<speak><phoneme alphabet=""ipa"" ph=""ˈeɪ.kɔɹn"">acorn</phoneme></speak>",638,-8.358,-23.0,32a109c968636e8dc301544bdf5c7b239d014d36d3a23a21e63f7f900ff93021,44100,uvlt-cat-ljt,2026-04-21T09:57:06+00:00,gcloud_v1.0-2026-04-21
m3_ryan/binoculars.wav,binoculars,m3_ryan,en-US-Neural2-D,binoculars,847,-8.358,-23.0,5c05f4b1c8e77ecf6ef741db2aec1d6077cb4804509c79aa62a6e92594a925e2,44100,uvlt-cat-ljt,2026-04-21T09:57:06+00:00,gcloud_v1.0-2026-04-21
m3_ryan/burdock.wav,burdock,m3_ryan,en-US-Neural2-D,burdock,557,-9.752,-23.0,e75cfc3d346ef32b1525d63f907d504d39584c3e75cc5bc77b026d531542f410,44100,uvlt-cat-ljt,2026-04-21T09:57:09+00:00,gcloud_v1.0-2026-04-21
m3_ryan/burglar.wav,burglar,m3_ryan,en-US-Neural2-D,burglar,603,-11.265,-23.0,ff5b23e70e37732c48ef13bcd39cf336bd03c2af154d1ca7f91efd2226fb2591,44100,uvlt-cat-ljt,2026-04-21T09:57:17+00:00,gcloud_v1.0-2026-04-21
m3_ryan/capelin.wav,capelin,m3_ryan,en-US-Neural2-D,capelin,545,-6.196,-23.0,e2747f33110435d5a99e274011521c6857abbc18b9add1093029854d6455a960,44100,uvlt-cat-ljt,2026-04-21T09:57:29+00:00,gcloud_v1.0-2026-04-21
m3_ryan/carousel.wav,carousel,m3_ryan,en-US-Neural2-D,carousel,673,-9.98,-23.0,5e0235a5bff3d3da855fbc119b4d900529b79bfc5bf9f14110b803f281a2523f,44100,uvlt-cat-ljt,2026-04-21T09:57:08+00:00,gcloud_v1.0-2026-04-21
m3_ryan/casket.wav,casket,m3_ryan,en-US-Neural2-D,casket,592,-5.783,-23.0,392d39c283175fd1d39ac6aa5ce9873a09edc66733e70e3bd7714ab7315dde89,44100,uvlt-cat-ljt,2026-04-21T09:57:23+00:00,gcloud_v1.0-2026-04-21
m3_ryan/catapult.wav,catapult,m3_ryan,en-US-Neural2-D,catapult,650,-8.572,-23.0,30fa50d6a6dd34e2288e419a60eef3a003397aee33ec34b1f4a7de1d9491d82e,44100,uvlt-cat-ljt,2026-04-21T09:57:31+00:00,gcloud_v1.0-2026-04-21
m3_ryan/chisel.wav,chisel,m3_ryan,en-US-Neural2-D,chisel,464,-9.168,-23.0,505a1369603a3b280de60ba8525cb69ae875d20c263542933ade0863c5000246,44100,uvlt-cat-ljt,2026-04-21T09:57:30+00:00,gcloud_v1.0-2026-04-21
m3_ryan/cicada.wav,cicada,m3_ryan,en-US-Neural2-D,cicada,696,-10.696,-23.0,d13d3cd82dcc3ccae78c7c6059b4fcd64d4de844342e5b62fe78d253f47a5624,44100,uvlt-cat-ljt,2026-04-21T09:57:16+00:00,gcloud_v1.0-2026-04-21
m3_ryan/cobweb.wav,cobweb,m3_ryan,en-US-Neural2-D,cobweb,615,-8.479,-23.0,93a3e26ff834f3383f896cf1c35acab7da997267cf22f53b39f2e5d32ae8e6c8,44100,uvlt-cat-ljt,2026-04-21T09:57:10+00:00,gcloud_v1.0-2026-04-21
m3_ryan/cocoon.wav,cocoon,m3_ryan,en-US-Neural2-D,cocoon,603,-11.316,-23.0,c8baf2285172c2446d95194a636e5a1e523bf1c8bad3a84350616b235d8d3552,44100,uvlt-cat-ljt,2026-04-21T09:57:19+00:00,gcloud_v1.0-2026-04-21
m3_ryan/detergent.wav,detergent,m3_ryan,en-US-Neural2-D,detergent,743,-8.263,-23.0,505c16b98a3788aa2c469929881cc19bab137c9f337191ad7ddb96c21d9587d9,44100,uvlt-cat-ljt,2026-04-21T09:57:20+00:00,gcloud_v1.0-2026-04-21
m3_ryan/faucet.wav,faucet,m3_ryan,en-US-Neural2-D,faucet,476,-6.048,-23.0,ad444d1254ba22f1bba8d230112c3a017b6bbfff1a305c47fede2eb6b6f87975,44100,uvlt-cat-ljt,2026-04-21T09:59:18+00:00,gcloud_v1.0-2026-04-21
m3_ryan/icicle.wav,icicle,m3_ryan,en-US-Neural2-D,icicle,661,-6.483,-23.0,f367a3562452058240a881da489848b3dff3f6447f601b6202eb448500e11a93,44100,uvlt-cat-ljt,2026-04-21T09:57:04+00:00,gcloud_v1.0-2026-04-21
m3_ryan/labyrinth.wav,labyrinth,m3_ryan,en-US-Neural2-D,labyrinth,673,-8.17,-23.0,1245696c66467738b6c3065f3b253c12aa526409572f4382c08e580a21328925,44100,uvlt-cat-ljt,2026-04-21T09:57:27+00:00,gcloud_v1.0-2026-04-21
m3_ryan/ladle.wav,ladle,m3_ryan,en-US-Neural2-D,ladle,510,-11.395,-23.0,cd12d281e517d4f27d41ae086075450af84d3dbe7872826b7d5c0341466c83b5,44100,uvlt-cat-ljt,2026-04-21T09:57:14+00:00,gcloud_v1.0-2026-04-21
m3_ryan/lawnmower.wav,lawnmower,m3_ryan,en-US-Neural2-D,lawnmower,661,-9.345,-23.0,4fde6250da95d22694bd9bdd1c7b42d3b62e00a14ebcb56b59154a09a7e1b7df,44100,uvlt-cat-ljt,2026-04-21T09:57:17+00:00,gcloud_v1.0-2026-04-21
m3_ryan/loquat.wav,loquat,m3_ryan,en-US-Neural2-D,loquat,615,-8.149,-23.0,6d293e4494160ab90a316d7b816760d767c523b5b3464a0a908918f912e39d0a,44100,uvlt-cat-ljt,2026-04-21T09:57:27+00:00,gcloud_v1.0-2026-04-21
m3_ryan/lotus.wav,lotus,m3_ryan,en-US-Neural2-D,lotus,580,-8.913,-23.0,ebbffc56eb8ca57c80f70cb3099e1e94860fedba475e88d94b3f8a973111781b,44100,uvlt-cat-ljt,2026-04-21T09:57:29+00:00,gcloud_v1.0-2026-04-21
m3_ryan/mantis.wav,mantis,m3_ryan,en-US-Neural2-D,mantis,626,-6.697,-23.0,77a63ffae2a043ec2d4a9bbfc0aba3847b7c6ed39a8b86d4cccef84a2f2268db,44100,uvlt-cat-ljt,2026-04-21T09:57:07+00:00,gcloud_v1.0-2026-04-21
m3_ryan/nostril.wav,nostril,m3_ryan,en-US-Neural2-D,nostril,661,-6.588,-23.0,43f34955173272ba739dca3af6e9018ab6c03a926f62165a70fac437532e8c33,44100,uvlt-cat-ljt,2026-04-21T09:57:27+00:00,gcloud_v1.0-2026-04-21
m3_ryan/pacifier.wav,pacifier,m3_ryan,en-US-Neural2-D,pacifier,812,-6.381,-23.0,d73b53a255ec4fff4339d0a6b9dabeb9a81f063e0d635c19bbfa298dd1224d19,44100,uvlt-cat-ljt,2026-04-21T09:57:24+00:00,gcloud_v1.0-2026-04-21
m3_ryan/parakeet.wav,parakeet,m3_ryan,en-US-Neural2-D,parakeet,684,-8.639,-23.0,f76d1e8d54d0188c0aac33b94530b8cb81a4f6b4b907b0525d9ea5b65793a275,44100,uvlt-cat-ljt,2026-04-21T09:57:21+00:00,gcloud_v1.0-2026-04-21
m3_ryan/persimmon.wav,persimmon,m3_ryan,en-US-Neural2-D,persimmon,638,-10.946,-23.0,0f9ebe0e4f3fb8191a69e1d1bbaea69a9f33d3c6a4ea4e40328c29e739777a4e,44100,uvlt-cat-ljt,2026-04-21T09:57:07+00:00,gcloud_v1.0-2026-04-21
m3_ryan/podium.wav,podium,m3_ryan,en-US-Neural2-D,podium,510,-9.796,-23.0,769c7265fd17fe7e2aa45b9c9ddbabcd7e8055181fee12bc7934cf0b7fef5781,44100,uvlt-cat-ljt,2026-04-21T09:57:22+00:00,gcloud_v1.0-2026-04-21
m3_ryan/porcupine.wav,porcupine,m3_ryan,en-US-Neural2-D,porcupine,824,-8.066,-23.0,c53dc4866cb15b260fbd36fc33f93739772b449d1279c437152561eb81036e59,44100,uvlt-cat-ljt,2026-04-21T09:57:18+00:00,gcloud_v1.0-2026-04-21
m3_ryan/protractor.wav,protractor,m3_ryan,en-US-Neural2-D,protractor,731,-6.229,-23.0,8d5ebe364f77a032139bf7cc26a550db952d510afe756d0755bb0620cd5a24ce,44100,uvlt-cat-ljt,2026-04-21T09:57:15+00:00,gcloud_v1.0-2026-04-21
m3_ryan/pupa.wav,pupa,m3_ryan,en-US-Neural2-D,pupa,499,-8.663,-23.0,c83f99f84fe80dd397aca1c661abe7b993b070f660d898238d64b732b827bb81,44100,uvlt-cat-ljt,2026-04-21T09:57:26+00:00,gcloud_v1.0-2026-04-21
m3_ryan/pylon.wav,pylon,m3_ryan,en-US-Neural2-D,pylon,615,-9.1,-23.0,d613d4a0379e87d7f73e7e8bf176dbf2b1a96e9874d5c99fb0e58cf95eab9abc,44100,uvlt-cat-ljt,2026-04-21T09:57:28+00:00,gcloud_v1.0-2026-04-21
m3_ryan/raccoon.wav,raccoon,m3_ryan,en-US-Neural2-D,raccoon,661,-4.245,-23.0,e6b75ba04f6584934f6334353f223e0a784b919260928b856f27d39a57928dba,44100,uvlt-cat-ljt,2026-04-21T09:57:13+00:00,gcloud_v1.0-2026-04-21
m3_ryan/razor.wav,razor,m3_ryan,en-US-Neural2-D,razor,522,-10.531,-23.0,10e25af8e652d052da88376486db771ceddf85cfe197e995f383f32689225409,44100,uvlt-cat-ljt,2026-04-21T09:57:19+00:00,gcloud_v1.0-2026-04-21
m3_ryan/rickshaw.wav,rickshaw,m3_ryan,en-US-Neural2-D,rickshaw,615,-6.508,-23.0,6e8ff20aa5210e820b98b58b6236452792936298bc44316f6f5fcc1145899cbe,44100,uvlt-cat-ljt,2026-04-21T09:57:12+00:00,gcloud_v1.0-2026-04-21
m3_ryan/scallop.wav,scallop,m3_ryan,en-US-Neural2-D,scallop,615,-7.389,-23.0,023970d5d967b675344930012ad32f6ac321923dd02b3b48ae1002ec93e6653b,44100,uvlt-cat-ljt,2026-04-21T09:57:21+00:00,gcloud_v1.0-2026-04-21
m3_ryan/scalpel.wav,scalpel,m3_ryan,en-US-Neural2-D,scalpel,626,-7.76,-23.0,3bd3263aff9fe5f06730914445a81963de4c1e4554ab36e0837ca053b3bf3f42,44100,uvlt-cat-ljt,2026-04-21T09:57:24+00:00,gcloud_v1.0-2026-04-21
m3_ryan/scapula.wav,scapula,m3_ryan,en-US-Neural2-D,"<speak><phoneme alphabet=""ipa"" ph=""ˈskæp.jə.lə"">scapula</phoneme></speak>",766,-7.948,-23.0,d0a0a361415342b5b1b89454f2fc42d558d11c6b1838bcd369e30249a34d55f8,44100,uvlt-cat-ljt,2026-04-21T09:57:25+00:00,gcloud_v1.0-2026-04-21
m3_ryan/spatula.wav,spatula,m3_ryan,en-US-Neural2-D,spatula,743,-6.675,-23.0,7a9c462502c8b5986486c7d125c14973a8509bc3b5ea70121586d2571328caf8,44100,uvlt-cat-ljt,2026-04-21T09:57:25+00:00,gcloud_v1.0-2026-04-21
m3_ryan/strainer.wav,strainer,m3_ryan,en-US-Neural2-D,strainer,592,-10.655,-23.0,9486cb1ede7f1dbcf454bcb0bd7332f66f00818933d2f9a9a3e2a8f61a6a1e2c,44100,uvlt-cat-ljt,2026-04-21T09:57:30+00:00,gcloud_v1.0-2026-04-21
m3_ryan/syringe.wav,syringe,m3_ryan,en-US-Neural2-D,syringe,731,-10.314,-23.0,53fbfeb3fd3c07aeffc6566b7d6bf258b4d318c0cc4099951e975129ae58c60e,44100,uvlt-cat-ljt,2026-04-21T09:57:08+00:00,gcloud_v1.0-2026-04-21
m3_ryan/tadpole.wav,tadpole,m3_ryan,en-US-Neural2-D,tadpole,684,-7.314,-23.0,812e9630efdfe62731eb7225f76dcc31780e63251dac85c630e69c33c9eb4aa2,44100,uvlt-cat-ljt,2026-04-21T09:57:11+00:00,gcloud_v1.0-2026-04-21
m3_ryan/thermometer.wav,thermometer,m3_ryan,en-US-Neural2-D,thermometer,731,-9.496,-23.0,7f4469d1d55d1bf9ba4ff48decb591b25d76cf38be967a88413e4ed8f7a38af3,44100,uvlt-cat-ljt,2026-04-21T09:57:05+00:00,gcloud_v1.0-2026-04-21
m3_ryan/toboggan.wav,toboggan,m3_ryan,en-US-Neural2-D,toboggan,650,-7.579,-23.0,39cf93b70d35b065d77ba8807a5045f5b8e3aada04b2c919b2a1256e82e6fb89,44100,uvlt-cat-ljt,2026-04-21T09:57:18+00:00,gcloud_v1.0-2026-04-21
m3_ryan/toupee.wav,toupee,m3_ryan,en-US-Neural2-D,toupee,580,-10.282,-23.0,a3f5106131134aa4a2e17bc7aee0072e07eb5295164409bbcbbf6ee0b005b299,44100,uvlt-cat-ljt,2026-04-21T09:57:15+00:00,gcloud_v1.0-2026-04-21
m3_ryan/treadmill.wav,treadmill,m3_ryan,en-US-Neural2-D,treadmill,603,-8.6,-23.0,6668e3249f98e022e9585be025aa5eb4a2bd4c0299cb5828b27e1cfce7c0ff4d,44100,uvlt-cat-ljt,2026-04-21T09:57:16+00:00,gcloud_v1.0-2026-04-21
m3_ryan/tweezers.wav,tweezers,m3_ryan,en-US-Neural2-D,tweezers,661,-10.241,-23.0,b4c35252f5731ef8bf5ac84c8740be096c279a70c2e534f956db31c2e3fbb874,44100,uvlt-cat-ljt,2026-04-21T09:57:11+00:00,gcloud_v1.0-2026-04-21
m3_ryan/walrus.wav,walrus,m3_ryan,en-US-Neural2-D,walrus,650,-5.977,-23.0,e1ef56ed87cae5838a19ce6ea63dfed240e8accc3a6ccf6b9bd77aa1f2503e8b,44100,uvlt-cat-ljt,2026-04-21T09:57:22+00:00,gcloud_v1.0-2026-04-21
m3_ryan/wardrobe.wav,wardrobe,m3_ryan,en-US-Neural2-D,wardrobe,661,-6.968,-23.0,779d7b0d7b17fac4310d377d1da141708bb03d9e208392c9b51979f50eadc64f,44100,uvlt-cat-ljt,2026-04-21T09:57:20+00:00,gcloud_v1.0-2026-04-21
m3_ryan/xylophone.wav,xylophone,m3_ryan,en-US-Neural2-D,xylophone,824,-8.985,-23.0,49fc851cc01d30b36914ba2044e4bbd73ba3376ea6b64bd7bdc9bb67eb94604e,44100,uvlt-cat-ljt,2026-04-21T09:57:14+00:00,gcloud_v1.0-2026-04-21
